== 1. lake build
⚠ [741/977] Replayed Complexity.ArcKayles.ArcKayles
warning: Complexity/ArcKayles/ArcKayles.lean:30:4: The namespace `ArcKayles` is duplicated in the declaration `Complexity.ArcKayles.ArcKayles.remove`.

Note: This linter can be disabled with `set_option linter.dupNamespace false`
warning: Complexity/ArcKayles/ArcKayles.lean:33:18: The namespace `ArcKayles` is duplicated in the declaration `Complexity.ArcKayles.ArcKayles.moves`.

Note: This linter can be disabled with `set_option linter.dupNamespace false`
warning: Complexity/ArcKayles/ArcKayles.lean:38:4: The namespace `ArcKayles` is duplicated in the declaration `Complexity.ArcKayles.ArcKayles.Winning`.

Note: This linter can be disabled with `set_option linter.dupNamespace false`
⚠ [3054/3174] Replayed Complexity.ArcKaylesProofs.ResidualValues
warning: Complexity/ArcKaylesProofs/ResidualValues.lean:139:6: Try `simp at hx'` instead of `simpa using hx'`

Note: This linter can be disabled with `set_option linter.unnecessarySimpa false`
⚠ [3060/3174] Replayed Complexity.ArcKaylesProofs.Deviations
warning: Complexity/ArcKaylesProofs/Deviations.lean:55:6: `push_neg` has been deprecated. Prefer using `push Not` instead.
If you'd rather continue using `push_neg` in your project, you can implement it as follows:
```
open Lean.Parser.Tactic in
macro "push_neg" cfg:optConfig loc:(location)? : tactic =>
  `(tactic| push $cfg:optConfig Not $[$loc]?)
```
⚠ [3062/3174] Replayed Complexity.ArcKaylesProofs.Assignments
warning: Complexity/ArcKaylesProofs/Assignments.lean:156:4: Try `simp at hm` instead of `simpa using hm`

Note: This linter can be disabled with `set_option linter.unnecessarySimpa false`
⚠ [3067/3174] Replayed Complexity.ArcKaylesProofs.Endgame
warning: Complexity/ArcKaylesProofs/Endgame.lean:92:6: Try `simp at hm` instead of `simpa using hm`

Note: This linter can be disabled with `set_option linter.unnecessarySimpa false`
⚠ [3071/3174] Replayed Complexity.ArcKaylesProofs.FormulaParser
warning: Complexity/ArcKaylesProofs/FormulaParser.lean:146:40: This simp argument is unused:
  clauseBits

Hint: Omit it from the simp argument list.
  [apply] simp [Encoding.formulaWord, ← hlen, List.append_assoc]

Note: This linter can be disabled with `set_option linter.unusedSimpArgs false`
⚠ [3072/3174] Replayed Complexity.ClassesProofs.TM2Bounds
warning: Complexity/ClassesProofs/TM2Bounds.lean:23:0: automatically included section variable(s) unused in theorem `Complexity.ClassesProofs.TM2Bounds.cfg_ext`:
  [DecidableEq K]
consider restructuring your `variable` declarations so that the variables are not in scope or explicitly omit them:
  omit [DecidableEq K] in theorem ...

Note: This linter can be disabled with `set_option linter.unusedSectionVars false`
warning: Complexity/ClassesProofs/TM2Bounds.lean:76:2: Try this: 
  letI̵

The goal is a proposition, so `let` is preferred over `letI`.
The difference between `let` and `letI` is that `letI` inlines the value.
But this is not relevant for proofs because of proof irrelevance.

Note: This linter can be disabled with `set_option linter.style.haveILetI false`
⚠ [3073/3174] Replayed Complexity.ClassesProofs.TM2Composition
warning: Complexity/ClassesProofs/TM2Composition.lean:49:65: Unused tactic linter: `rfl` does nothing

Note: This linter can be disabled with `set_option linter.unusedTactic false`
warning: Complexity/ClassesProofs/TM2Composition.lean:49:65: this tactic is never executed

Note: This linter can be disabled with `set_option linter.unreachableTactic false`
warning: Complexity/ClassesProofs/TM2Composition.lean:61:69: Unused tactic linter: `rfl` does nothing

Note: This linter can be disabled with `set_option linter.unusedTactic false`
warning: Complexity/ClassesProofs/TM2Composition.lean:61:69: this tactic is never executed

Note: This linter can be disabled with `set_option linter.unreachableTactic false`
⚠ [3074/3174] Replayed Complexity.ClassesProofs.TM2Transfer
warning: Complexity/ClassesProofs/TM2Transfer.lean:93:45: This simp argument is unused:
  Function.update

Hint: Omit it from the simp argument list.
  [apply] simp [leftCfg, haltList, firstCfg, single]

Note: This linter can be disabled with `set_option linter.unusedSimpArgs false`
⚠ [3077/3174] Replayed Complexity.ArcKaylesProofs.GraphEncoding
warning: Complexity/ArcKaylesProofs/GraphEncoding.lean:24:4: This simp argument is unused:
  List.map_map

Hint: Omit it from the simp argument list.
  [apply] simp [graphWord, graphRows, clauseBits, List.append_assoc, List.flatMap_map, Function.comp_def]

Note: This linter can be disabled with `set_option linter.unusedSimpArgs false`
warning: Complexity/ArcKaylesProofs/GraphEncoding.lean:24:18: This simp argument is unused:
  Function.comp_def

Hint: Omit it from the simp argument list.
  [apply] simp [graphWord, graphRows, clauseBits, List.append_assoc, List.flatMap_map, List.map_map]

Note: This linter can be disabled with `set_option linter.unusedSimpArgs false`
⚠ [3087/3174] Replayed Complexity.ClassesProofs.InclusionAux.TimeHelpers.StreamingBind
warning: Complexity/ClassesProofs/InclusionAux/TimeHelpers/StreamingBind.lean:37:0: automatically included section variable(s) unused in theorem `Complexity.ClassesProofs.InclusionAux.TimeHelpers.Streaming.bindLeft_injective`:
  [DecidableEq I]
  [DecidableEq W]
  [DecidableEq V]
consider restructuring your `variable` declarations so that the variables are not in scope or explicitly omit them:
  omit [DecidableEq I] [DecidableEq W] [DecidableEq V] in theorem ...

Note: This linter can be disabled with `set_option linter.unusedSectionVars false`
warning: Complexity/ClassesProofs/InclusionAux/TimeHelpers/StreamingBind.lean:41:0: automatically included section variable(s) unused in theorem `Complexity.ClassesProofs.InclusionAux.TimeHelpers.Streaming.bindRight_injective`:
  [DecidableEq I]
  [DecidableEq W]
  [DecidableEq V]
consider restructuring your `variable` declarations so that the variables are not in scope or explicitly omit them:
  omit [DecidableEq I] [DecidableEq W] [DecidableEq V] in theorem ...

Note: This linter can be disabled with `set_option linter.unusedSectionVars false`
warning: Complexity/ClassesProofs/InclusionAux/TimeHelpers/StreamingBind.lean:54:0: automatically included section variable(s) unused in theorem `Complexity.ClassesProofs.InclusionAux.TimeHelpers.Streaming.bindStore_empty`:
  [DecidableEq I]
  [DecidableEq W]
  [DecidableEq V]
consider restructuring your `variable` declarations so that the variables are not in scope or explicitly omit them:
  omit [DecidableEq I] [DecidableEq W] [DecidableEq V] in theorem ...

Note: This linter can be disabled with `set_option linter.unusedSectionVars false`
warning: Complexity/ClassesProofs/InclusionAux/TimeHelpers/StreamingBind.lean:67:20: This simp argument is unused:
  emitted

Hint: Omit it from the simp argument list.
  [apply] simp [store, bindStore]

Note: This linter can be disabled with `set_option linter.unusedSimpArgs false`
warning: Complexity/ClassesProofs/InclusionAux/TimeHelpers/StreamingBind.lean:67:29: This simp argument is unused:
  store

Hint: Omit it from the simp argument list.
  [apply] simp [emitted, bindStore]

Note: This linter can be disabled with `set_option linter.unusedSimpArgs false`
warning: Complexity/ClassesProofs/InclusionAux/TimeHelpers/StreamingBind.lean:67:36: This simp argument is unused:
  bindStore

Hint: Omit it from the simp argument list.
  [apply] simp [emitted, store]

Note: This linter can be disabled with `set_option linter.unusedSimpArgs false`
warning: Complexity/ClassesProofs/InclusionAux/TimeHelpers/StreamingBind.lean:75:20: This simp argument is unused:
  emitted

Hint: Omit it from the simp argument list.
  [apply] simp [bindStore]

Note: This linter can be disabled with `set_option linter.unusedSimpArgs false`
warning: Complexity/ClassesProofs/InclusionAux/TimeHelpers/StreamingBind.lean:75:29: This simp argument is unused:
  bindStore

Hint: Omit it from the simp argument list.
  [apply] simp [emitted]

Note: This linter can be disabled with `set_option linter.unusedSimpArgs false`
warning: Complexity/ClassesProofs/InclusionAux/TimeHelpers/StreamingBind.lean:87:22: This simp argument is unused:
  bindStore

Hint: Omit it from the simp argument list.
  [apply] simp

Note: This linter can be disabled with `set_option linter.unusedSimpArgs false`
warning: Complexity/ClassesProofs/InclusionAux/TimeHelpers/StreamingBind.lean:98:20: This simp argument is unused:
  bindStore

Hint: Omit it from the simp argument list.
  [apply] simp [store]

Note: This linter can be disabled with `set_option linter.unusedSimpArgs false`
warning: Complexity/ClassesProofs/InclusionAux/TimeHelpers/StreamingBind.lean:98:31: This simp argument is unused:
  store

Hint: Omit it from the simp argument list.
  [apply] simp [bindStore]

Note: This linter can be disabled with `set_option linter.unusedSimpArgs false`
⚠ [3091/3174] Replayed Complexity.ClassesProofs.InclusionAux.TimeHelpers.StreamingForLayout
warning: Complexity/ClassesProofs/InclusionAux/TimeHelpers/StreamingForLayout.lean:39:0: automatically included section variable(s) unused in theorem `Complexity.ClassesProofs.InclusionAux.TimeHelpers.Streaming.forLength_injective`:
  [DecidableEq I]
  [DecidableEq W]
consider restructuring your `variable` declarations so that the variables are not in scope or explicitly omit them:
  omit [DecidableEq I] [DecidableEq W] in theorem ...

Note: This linter can be disabled with `set_option linter.unusedSectionVars false`
warning: Complexity/ClassesProofs/InclusionAux/TimeHelpers/StreamingForLayout.lean:42:0: automatically included section variable(s) unused in theorem `Complexity.ClassesProofs.InclusionAux.TimeHelpers.Streaming.forBody_injective`:
  [DecidableEq I]
  [DecidableEq W]
consider restructuring your `variable` declarations so that the variables are not in scope or explicitly omit them:
  omit [DecidableEq I] [DecidableEq W] in theorem ...

Note: This linter can be disabled with `set_option linter.unusedSectionVars false`
warning: Complexity/ClassesProofs/InclusionAux/TimeHelpers/StreamingForLayout.lean:58:20: This simp argument is unused:
  emitted

Hint: Omit it from the simp argument list.
  [apply] simp [store, forStore]

Note: This linter can be disabled with `set_option linter.unusedSimpArgs false`
warning: Complexity/ClassesProofs/InclusionAux/TimeHelpers/StreamingForLayout.lean:58:29: This simp argument is unused:
  store

Hint: Omit it from the simp argument list.
  [apply] simp [emitted, forStore]

Note: This linter can be disabled with `set_option linter.unusedSimpArgs false`
warning: Complexity/ClassesProofs/InclusionAux/TimeHelpers/StreamingForLayout.lean:58:36: This simp argument is unused:
  forStore

Hint: Omit it from the simp argument list.
  [apply] simp [emitted, store]

Note: This linter can be disabled with `set_option linter.unusedSimpArgs false`
warning: Complexity/ClassesProofs/InclusionAux/TimeHelpers/StreamingForLayout.lean:69:22: This simp argument is unused:
  store

Hint: Omit it from the simp argument list.
  [apply] simp [forStore]

Note: This linter can be disabled with `set_option linter.unusedSimpArgs false`
warning: Complexity/ClassesProofs/InclusionAux/TimeHelpers/StreamingForLayout.lean:69:29: This simp argument is unused:
  forStore

Hint: Omit it from the simp argument list.
  [apply] simp [store]

Note: This linter can be disabled with `set_option linter.unusedSimpArgs false`
warning: Complexity/ClassesProofs/InclusionAux/TimeHelpers/StreamingForLayout.lean:80:20: This simp argument is unused:
  emitted

Hint: Omit it from the simp argument list.
  [apply] simp [pack, working, forStore]

Note: This linter can be disabled with `set_option linter.unusedSimpArgs false`
warning: Complexity/ClassesProofs/InclusionAux/TimeHelpers/StreamingForLayout.lean:80:29: This simp argument is unused:
  pack

Hint: Omit it from the simp argument list.
  [apply] simp [emitted, working, forStore]

Note: This linter can be disabled with `set_option linter.unusedSimpArgs false`
warning: Complexity/ClassesProofs/InclusionAux/TimeHelpers/StreamingForLayout.lean:80:35: This simp argument is unused:
  working

Hint: Omit it from the simp argument list.
  [apply] simp [emitted, pack, forStore]

Note: This linter can be disabled with `set_option linter.unusedSimpArgs false`
warning: Complexity/ClassesProofs/InclusionAux/TimeHelpers/StreamingForLayout.lean:80:44: This simp argument is unused:
  forStore

Hint: Omit it from the simp argument list.
  [apply] simp [emitted, pack, working]

Note: This linter can be disabled with `set_option linter.unusedSimpArgs false`
⚠ [3096/3174] Replayed Complexity.ClassesProofs.InclusionAux.TimeHelpers.StreamingDrop
warning: Complexity/ClassesProofs/InclusionAux/TimeHelpers/StreamingDrop.lean:43:20: This simp argument is unused:
  dropStore

Hint: Omit it from the simp argument list.
  [apply] simp [store]

Note: This linter can be disabled with `set_option linter.unusedSimpArgs false`
warning: Complexity/ClassesProofs/InclusionAux/TimeHelpers/StreamingDrop.lean:43:31: This simp argument is unused:
  store

Hint: Omit it from the simp argument list.
  [apply] simp [dropStore]

Note: This linter can be disabled with `set_option linter.unusedSimpArgs false`
warning: Complexity/ClassesProofs/InclusionAux/TimeHelpers/StreamingDrop.lean:55:20: This simp argument is unused:
  dropStore

Hint: Omit it from the simp argument list.
  [apply] simp

Note: This linter can be disabled with `set_option linter.unusedSimpArgs false`
warning: Complexity/ClassesProofs/InclusionAux/TimeHelpers/StreamingDrop.lean:70:20: This simp argument is unused:
  dropStore

Hint: Omit it from the simp argument list.
  [apply] simp

Note: This linter can be disabled with `set_option linter.unusedSimpArgs false`
warning: Complexity/ClassesProofs/InclusionAux/TimeHelpers/StreamingDrop.lean:80:20: This simp argument is unused:
  dropStore

Hint: Omit it from the simp argument list.
  [apply] simp [store]

Note: This linter can be disabled with `set_option linter.unusedSimpArgs false`
warning: Complexity/ClassesProofs/InclusionAux/TimeHelpers/StreamingDrop.lean:80:31: This simp argument is unused:
  store

Hint: Omit it from the simp argument list.
  [apply] simp [dropStore]

Note: This linter can be disabled with `set_option linter.unusedSimpArgs false`
⚠ [3097/3174] Replayed Complexity.ClassesProofs.InclusionAux.TimeHelpers.StreamingIterate
warning: Complexity/ClassesProofs/InclusionAux/TimeHelpers/StreamingIterate.lean:44:0: automatically included section variable(s) unused in theorem `Complexity.ClassesProofs.InclusionAux.TimeHelpers.Streaming.iterateLength_injective`:
  [DecidableEq I]
  [DecidableEq W]
consider restructuring your `variable` declarations so that the variables are not in scope or explicitly omit them:
  omit [DecidableEq I] [DecidableEq W] in theorem ...

Note: This linter can be disabled with `set_option linter.unusedSectionVars false`
warning: Complexity/ClassesProofs/InclusionAux/TimeHelpers/StreamingIterate.lean:47:0: automatically included section variable(s) unused in theorem `Complexity.ClassesProofs.InclusionAux.TimeHelpers.Streaming.iterateBodyMap_injective`:
  [DecidableEq I]
  [DecidableEq W]
consider restructuring your `variable` declarations so that the variables are not in scope or explicitly omit them:
  omit [DecidableEq I] [DecidableEq W] in theorem ...

Note: This linter can be disabled with `set_option linter.unusedSectionVars false`
warning: Complexity/ClassesProofs/InclusionAux/TimeHelpers/StreamingIterate.lean:100:25: This simp argument is unused:
  r

Hint: Omit it from the simp argument list.
  [apply] simp [e, d, emitted, iterationPoint, pack, working, iterationStore]

Note: This linter can be disabled with `set_option linter.unusedSimpArgs false`
warning: Complexity/ClassesProofs/InclusionAux/TimeHelpers/StreamingIterate.lean:100:28: This simp argument is unused:
  e

Hint: Omit it from the simp argument list.
  [apply] simp [r, d, emitted, iterationPoint, pack, working, iterationStore]

Note: This linter can be disabled with `set_option linter.unusedSimpArgs false`
warning: Complexity/ClassesProofs/InclusionAux/TimeHelpers/StreamingIterate.lean:100:31: This simp argument is unused:
  d

Hint: Omit it from the simp argument list.
  [apply] simp [r, e, emitted, iterationPoint, pack, working, iterationStore]

Note: This linter can be disabled with `set_option linter.unusedSimpArgs false`
warning: Complexity/ClassesProofs/InclusionAux/TimeHelpers/StreamingIterate.lean:100:34: This simp argument is unused:
  emitted

Hint: Omit it from the simp argument list.
  [apply] simp [r, e, d, iterationPoint, pack, working, iterationStore]

Note: This linter can be disabled with `set_option linter.unusedSimpArgs false`
warning: Complexity/ClassesProofs/InclusionAux/TimeHelpers/StreamingIterate.lean:100:43: This simp argument is unused:
  iterationPoint

Hint: Omit it from the simp argument list.
  [apply] simp [r, e, d, emitted, pack, working, iterationStore]

Note: This linter can be disabled with `set_option linter.unusedSimpArgs false`
warning: Complexity/ClassesProofs/InclusionAux/TimeHelpers/StreamingIterate.lean:100:59: This simp argument is unused:
  pack

Hint: Omit it from the simp argument list.
  [apply] simp [r, e, d, emitted, iterationPoint, working, iterationStore]

Note: This linter can be disabled with `set_option linter.unusedSimpArgs false`
warning: Complexity/ClassesProofs/InclusionAux/TimeHelpers/StreamingIterate.lean:100:65: This simp argument is unused:
  working

Hint: Omit it from the simp argument list.
  [apply] simp [r, e, d, emitted, iterationPoint, pack, iterationStore]

Note: This linter can be disabled with `set_option linter.unusedSimpArgs false`
warning: Complexity/ClassesProofs/InclusionAux/TimeHelpers/StreamingIterate.lean:100:74: This simp argument is unused:
  iterationStore

Hint: Omit it from the simp argument list.
  [apply] simp [r, e, d, emitted, iterationPoint, pack, working]

Note: This linter can be disabled with `set_option linter.unusedSimpArgs false`
warning: Complexity/ClassesProofs/InclusionAux/TimeHelpers/StreamingIterate.lean:127:25: This simp argument is unused:
  emitted

Hint: Omit it from the simp argument list.
  [apply] simp [store, iterationStore]

Note: This linter can be disabled with `set_option linter.unusedSimpArgs false`
warning: Complexity/ClassesProofs/InclusionAux/TimeHelpers/StreamingIterate.lean:127:34: This simp argument is unused:
  store

Hint: Omit it from the simp argument list.
  [apply] simp [emitted, iterationStore]

Note: This linter can be disabled with `set_option linter.unusedSimpArgs false`
warning: Complexity/ClassesProofs/InclusionAux/TimeHelpers/StreamingIterate.lean:127:41: This simp argument is unused:
  iterationStore

Hint: Omit it from the simp argument list.
  [apply] simp [emitted, store]

Note: This linter can be disabled with `set_option linter.unusedSimpArgs false`
warning: Complexity/ClassesProofs/InclusionAux/TimeHelpers/StreamingIterate.lean:138:25: This simp argument is unused:
  iterationStore

Hint: Omit it from the simp argument list.
  [apply] simp

Note: This linter can be disabled with `set_option linter.unusedSimpArgs false`
warning: Complexity/ClassesProofs/InclusionAux/TimeHelpers/StreamingIterate.lean:168:25: This simp argument is unused:
  d

Hint: Omit it from the simp argument list.
  [apply] simp [iterationStore, store]

Note: This linter can be disabled with `set_option linter.unusedSimpArgs false`
warning: Complexity/ClassesProofs/InclusionAux/TimeHelpers/StreamingIterate.lean:168:28: This simp argument is unused:
  iterationStore

Hint: Omit it from the simp argument list.
  [apply] simp [d, store]

Note: This linter can be disabled with `set_option linter.unusedSimpArgs false`
warning: Complexity/ClassesProofs/InclusionAux/TimeHelpers/StreamingIterate.lean:168:44: This simp argument is unused:
  store

Hint: Omit it from the simp argument list.
  [apply] simp [d, iterationStore]

Note: This linter can be disabled with `set_option linter.unusedSimpArgs false`
warning: Complexity/ClassesProofs/InclusionAux/TimeHelpers/StreamingIterate.lean:172:0: automatically included section variable(s) unused in theorem `Complexity.ClassesProofs.InclusionAux.TimeHelpers.Streaming.iterate_length`:
  [DecidableEq I]
consider restructuring your `variable` declarations so that the variables are not in scope or explicitly omit them:
  omit [DecidableEq I] in theorem ...

Note: This linter can be disabled with `set_option linter.unusedSectionVars false`
warning: Complexity/ClassesProofs/InclusionAux/TimeHelpers/StreamingIterate.lean:241:41: `List.take_succ` has been deprecated: Use `List.take_add_one` instead
⚠ [3101/3174] Replayed Complexity.ClassesProofs.InclusionAux.TimeHelpers.OutputDivision
warning: Complexity/ClassesProofs/InclusionAux/TimeHelpers/OutputDivision.lean:27:35: This simp argument is unused:
  Nat.min_eq_left h2

Hint: Omit it from the simp argument list.
  [apply] simp [h, Nat.min_eq_left h1, List.replicate_succ']

Note: This linter can be disabled with `set_option linter.unusedSimpArgs false`
⚠ [3103/3174] Replayed Complexity.ClassesProofs.InclusionAux.TimeHelpers.BoundedCode
warning: Complexity/ClassesProofs/InclusionAux/TimeHelpers/BoundedCode.lean:79:10: This simp argument is unused:
  Number.correct

Hint: Omit it from the simp argument list.
  [apply] simp [Number.mul, Number.length, Number.rename, extend, List.take_replicate, Nat.min_comm]

Note: This linter can be disabled with `set_option linter.unusedSimpArgs false`
⚠ [3104/3174] Replayed Complexity.ArcKaylesProofs.CodeComputer
warning: Complexity/ArcKaylesProofs/CodeComputer.lean:35:6: Local variable 'output' resembles constructor 'Complexity.ClassesProofs.InclusionAux.TimeHelpers.Streaming.Key.output' - write '.output' (with a dot) or 'Complexity.ClassesProofs.InclusionAux.TimeHelpers.Streaming.Key.output' to use the constructor.

Note: This linter can be disabled with `set_option linter.constructorNameAsVariable false`
⚠ [3105/3174] Replayed Complexity.ArcKaylesProofs.UnaryCode
warning: Complexity/ArcKaylesProofs/UnaryCode.lean:51:8: This simp argument is unused:
  Nat.min_eq_left (show n + 1 ≤ p by omega)

Hint: Omit it from the simp argument list.
  [apply] simp [hn, Nat.min_eq_left (show n ≤ p by omega), List.replicate_succ', List.flatMap]

Note: This linter can be disabled with `set_option linter.unusedSimpArgs false`
⚠ [3107/3174] Replayed Complexity.ArcKaylesProofs.FormulaHeader
warning: Complexity/ArcKaylesProofs/FormulaHeader.lean:62:27: Variable name `φ` is not explicitly referenced.

Hint: The binding can be removed (if unused) or named `_` (if used implicitly). Alternatively, prefix the name with `_` to silence this warning:
  [apply] _φ

Note: This linter can be disabled with `set_option linter.unusedVariables false`
⚠ [3108/3174] Replayed Complexity.ArcKaylesProofs.MatrixBits
warning: Complexity/ArcKaylesProofs/MatrixBits.lean:15:20: This simp argument is unused:
  List.getElem?_eq_getElem

Hint: Omit it from the simp argument list.
  [apply] simp [clauseBits, i.isLt]

Note: This linter can be disabled with `set_option linter.unusedSimpArgs false`
warning: Complexity/ArcKaylesProofs/MatrixBits.lean:25:8: This simp argument is unused:
  List.getElem_cons_zero

Hint: Omit it from the simp argument list.
  [apply] simp only [Fin.val_zero, Nat.zero_mul, Nat.zero_add, List.flatMap_cons]

Note: This linter can be disabled with `set_option linter.unusedSimpArgs false`
warning: Complexity/ArcKaylesProofs/MatrixBits.lean:28:50: This simp argument is unused:
  List.getElem_cons_succ

Hint: Omit it from the simp argument list.
  [apply] simp only [Fin.val_succ, List.flatMap_cons]

Note: This linter can be disabled with `set_option linter.unusedSimpArgs false`
⚠ [3109/3174] Replayed Complexity.ArcKaylesProofs.EdgeCode
warning: Complexity/ArcKaylesProofs/EdgeCode.lean:80:51: This simp argument is unused:
  id_eq

Hint: Omit it from the simp argument list.
  [apply] simp only [edgeTest, List.foldr_cons, List.foldr_nil, Test.or, Test.constant, Bool.or_false, Bool.or_eq_true,
    Test.exists_true, pairTest, Test.and, Bool.and_eq_true, Test.eq_value, decide_eq_true_eq, Number.add, Number.mul,
    Number.constant, Number.rename, Number.length, Test.input, extend_some, extend_two_some, extend, Option.elim_none,
    Option.elim_some, List.length_replicate, rawEdge]

Note: This linter can be disabled with `set_option linter.unusedSimpArgs false`
⚠ [3110/3174] Replayed Complexity.ArcKaylesProofs.GraphCode
warning: Complexity/ArcKaylesProofs/GraphCode.lean:63:60: This simp argument is unused:
  List.flatMap_map

Hint: Omit it from the simp argument list.
  [apply] simp only [Code.eval_loop, Test.correct, adjTest_decide, sizeNumber, Number.add, Number.mul, Number.constant,
    Number.rename, Number.length, extend, Option.elim_none, Option.elim_some, List.length_replicate, Function.comp_def,
    rawGraphWord, List.flatMap_cons, List.flatMap_nil, List.append_nil]

Note: This linter can be disabled with `set_option linter.unusedSimpArgs false`
warning: Complexity/ArcKaylesProofs/GraphCode.lean:64:4: This simp argument is unused:
  List.flatMap_cons

Hint: Omit it from the simp argument list.
  [apply] simp only [Code.eval_loop, Test.correct, adjTest_decide, sizeNumber, Number.add, Number.mul, Number.constant,
    Number.rename, Number.length, extend, Option.elim_none, Option.elim_some, List.length_replicate, Function.comp_def,
    rawGraphWord, List.flatMap_map, List.flatMap_nil, List.append_nil]

Note: This linter can be disabled with `set_option linter.unusedSimpArgs false`
warning: Complexity/ArcKaylesProofs/GraphCode.lean:64:23: This simp argument is unused:
  List.flatMap_nil

Hint: Omit it from the simp argument list.
  [apply] simp only [Code.eval_loop, Test.correct, adjTest_decide, sizeNumber, Number.add, Number.mul, Number.constant,
    Number.rename, Number.length, extend, Option.elim_none, Option.elim_some, List.length_replicate, Function.comp_def,
    rawGraphWord, List.flatMap_map, List.flatMap_cons, List.append_nil]

Note: This linter can be disabled with `set_option linter.unusedSimpArgs false`
warning: Complexity/ArcKaylesProofs/GraphCode.lean:64:41: This simp argument is unused:
  List.append_nil

Hint: Omit it from the simp argument list.
  [apply] simp only [Code.eval_loop, Test.correct, adjTest_decide, sizeNumber, Number.add, Number.mul, Number.constant,
    Number.rename, Number.length, extend, Option.elim_none, Option.elim_some, List.length_replicate, Function.comp_def,
    rawGraphWord, List.flatMap_map, List.flatMap_cons, List.flatMap_nil]

Note: This linter can be disabled with `set_option linter.unusedSimpArgs false`
warning: Complexity/ArcKaylesProofs/GraphCode.lean:78:28: This simp argument is unused:
  Fin.val_inj

Hint: Omit it from the simp argument list.
  [apply] simp only [Construction.labeledGraph, SimpleGraph.fromRel_adj, rawAdj, rawEdge_construction]

Note: This linter can be disabled with `set_option linter.unusedSimpArgs false`
warning: Complexity/ArcKaylesProofs/GraphCode.lean:85:2: Unused tactic linter: `congr 1` does nothing

Note: This linter can be disabled with `set_option linter.unusedTactic false`
⚠ [3111/3174] Replayed Complexity.ArcKaylesProofs.NormalizeCode
warning: Complexity/ArcKaylesProofs/NormalizeCode.lean:23:39: This simp argument is unused:
  Test.correct

Hint: Omit it from the simp argument list.
  [apply] simp only [takeCode, Code.eval_loop, Test.input, Number.length, extend, Option.elim_none, Option.elim_some,
    List.length_replicate, ← List.map_eq_flatMap]

Note: This linter can be disabled with `set_option linter.unusedSimpArgs false`
warning: Complexity/ArcKaylesProofs/NormalizeCode.lean:24:4: This simp argument is unused:
  extend

Hint: Omit it from the simp argument list.
  [apply] simp only [takeCode, Code.eval_loop, Test.correct, Test.input, Number.length, Option.elim_none,
    Option.elim_some, List.length_replicate, ← List.map_eq_flatMap]

Note: This linter can be disabled with `set_option linter.unusedSimpArgs false`
warning: Complexity/ArcKaylesProofs/NormalizeCode.lean:24:12: This simp argument is unused:
  Option.elim_none

Hint: Omit it from the simp argument list.
  [apply] simp only [takeCode, Code.eval_loop, Test.correct, Test.input, Number.length, extend, Option.elim_some,
    List.length_replicate, ← List.map_eq_flatMap]

Note: This linter can be disabled with `set_option linter.unusedSimpArgs false`
warning: Complexity/ArcKaylesProofs/NormalizeCode.lean:24:30: This simp argument is unused:
  Option.elim_some

Hint: Omit it from the simp argument list.
  [apply] simp only [takeCode, Code.eval_loop, Test.correct, Test.input, Number.length, extend, Option.elim_none,
    List.length_replicate, ← List.map_eq_flatMap]

Note: This linter can be disabled with `set_option linter.unusedSimpArgs false`
warning: Complexity/ArcKaylesProofs/NormalizeCode.lean:24:48: This simp argument is unused:
  List.length_replicate

Hint: Omit it from the simp argument list.
  [apply] simp only [takeCode, Code.eval_loop, Test.correct, Test.input, Number.length, extend, Option.elim_none,
    Option.elim_some, ← List.map_eq_flatMap]

Note: This linter can be disabled with `set_option linter.unusedSimpArgs false`
warning: Complexity/ArcKaylesProofs/NormalizeCode.lean:24:71: This simp argument is unused:
  ← List.map_eq_flatMap

Hint: Omit it from the simp argument list.
  [apply] simp only [takeCode, Code.eval_loop, Test.correct, Test.input, Number.length, extend, Option.elim_none,
    Option.elim_some, List.length_replicate]

Note: Simp arguments with `←` have the additional effect of removing the other direction from the simp set, even if the simp argument itself is unused. If the hint above does not work, try replacing `←` with `-` to only get that effect and silence this warning.

Note: This linter can be disabled with `set_option linter.unusedSimpArgs false`
⚠ [3112/3174] Replayed Complexity.ArcKaylesProofs.GraphParser
warning: Complexity/ArcKaylesProofs/GraphParser.lean:31:30: This simp argument is unused:
  List.getElem?_eq_getElem

Hint: Omit it from the simp argument list.
  [apply] simp [matrixRow, graphRows, u.isLt]

Note: This linter can be disabled with `set_option linter.unusedSimpArgs false`
warning: Complexity/ArcKaylesProofs/GraphParser.lean:70:23: This simp argument is unused:
  List.getElem?_eq_getElem

Hint: Omit it from the simp argument list.
  [apply] simp [matrixRow, hj]

Note: This linter can be disabled with `set_option linter.unusedSimpArgs false`
warning: Complexity/ArcKaylesProofs/GraphParser.lean:75:21: This simp argument is unused:
  List.getElem?_eq_getElem

Hint: Omit it from the simp argument list.
  [apply] simp [matrixRow, hj']

Note: This linter can be disabled with `set_option linter.unusedSimpArgs false`
⚠ [3114/3174] Replayed Complexity.ArcKaylesProofs.DepthFirst
warning: Complexity/ArcKaylesProofs/DepthFirst.lean:68:48: Unused tactic linter: `omega` does nothing

Note: This linter can be disabled with `set_option linter.unusedTactic false`
warning: Complexity/ArcKaylesProofs/DepthFirst.lean:75:52: Unused tactic linter: `omega` does nothing

Note: This linter can be disabled with `set_option linter.unusedTactic false`
warning: Complexity/ArcKaylesProofs/DepthFirst.lean:75:99: Unused tactic linter: `omega` does nothing

Note: This linter can be disabled with `set_option linter.unusedTactic false`
warning: Complexity/ArcKaylesProofs/DepthFirst.lean:82:52: Unused tactic linter: `omega` does nothing

Note: This linter can be disabled with `set_option linter.unusedTactic false`
warning: Complexity/ArcKaylesProofs/DepthFirst.lean:82:99: Unused tactic linter: `omega` does nothing

Note: This linter can be disabled with `set_option linter.unusedTactic false`
warning: Complexity/ArcKaylesProofs/DepthFirst.lean:95:54: Unused tactic linter: `omega` does nothing

Note: This linter can be disabled with `set_option linter.unusedTactic false`
warning: Complexity/ArcKaylesProofs/DepthFirst.lean:102:54: Unused tactic linter: `omega` does nothing

Note: This linter can be disabled with `set_option linter.unusedTactic false`
warning: Complexity/ArcKaylesProofs/DepthFirst.lean:102:101: Unused tactic linter: `omega` does nothing

Note: This linter can be disabled with `set_option linter.unusedTactic false`
warning: Complexity/ArcKaylesProofs/DepthFirst.lean:68:48: this tactic is never executed

Note: This linter can be disabled with `set_option linter.unreachableTactic false`
warning: Complexity/ArcKaylesProofs/DepthFirst.lean:75:52: this tactic is never executed

Note: This linter can be disabled with `set_option linter.unreachableTactic false`
warning: Complexity/ArcKaylesProofs/DepthFirst.lean:75:99: this tactic is never executed

Note: This linter can be disabled with `set_option linter.unreachableTactic false`
warning: Complexity/ArcKaylesProofs/DepthFirst.lean:82:52: this tactic is never executed

Note: This linter can be disabled with `set_option linter.unreachableTactic false`
warning: Complexity/ArcKaylesProofs/DepthFirst.lean:82:99: this tactic is never executed

Note: This linter can be disabled with `set_option linter.unreachableTactic false`
warning: Complexity/ArcKaylesProofs/DepthFirst.lean:95:54: this tactic is never executed

Note: This linter can be disabled with `set_option linter.unreachableTactic false`
warning: Complexity/ArcKaylesProofs/DepthFirst.lean:102:54: this tactic is never executed

Note: This linter can be disabled with `set_option linter.unreachableTactic false`
warning: Complexity/ArcKaylesProofs/DepthFirst.lean:102:101: this tactic is never executed

Note: This linter can be disabled with `set_option linter.unreachableTactic false`
warning: Complexity/ArcKaylesProofs/DepthFirst.lean:68:91: Used `tac1 <;> tac2` where `(tac1; tac2)` would suffice

Note: This linter can be disabled with `set_option linter.unnecessarySeqFocus false`
warning: Complexity/ArcKaylesProofs/DepthFirst.lean:87:109: Used `tac1 <;> tac2` where `(tac1; tac2)` would suffice

Note: This linter can be disabled with `set_option linter.unnecessarySeqFocus false`
warning: Complexity/ArcKaylesProofs/DepthFirst.lean:95:97: Used `tac1 <;> tac2` where `(tac1; tac2)` would suffice

Note: This linter can be disabled with `set_option linter.unnecessarySeqFocus false`
⚠ [3116/3174] Replayed Complexity.ClassesProofs.SavitchProofs.StackMachine
warning: Complexity/ClassesProofs/SavitchProofs/StackMachine.lean:147:38: This simp argument is unused:
  Function.update_apply

Hint: Omit it from the simp argument list.
  [apply] simp [tape, hi]

Note: This linter can be disabled with `set_option linter.unusedSimpArgs false`
⚠ [3118/3174] Replayed Complexity.ArcKaylesProofs.ProgramSpace
warning: Complexity/ArcKaylesProofs/ProgramSpace.lean:73:36: This simp argument is unused:
  Function.update_apply

Hint: Omit it from the simp argument list.
  [apply] simp [hj, hx]

Note: This linter can be disabled with `set_option linter.unusedSimpArgs false`
warning: Complexity/ArcKaylesProofs/ProgramSpace.lean:89:36: This simp argument is unused:
  Function.update_apply

Hint: Omit it from the simp argument list.
  [apply] simp [hj, hx]

Note: This linter can be disabled with `set_option linter.unusedSimpArgs false`
warning: Complexity/ArcKaylesProofs/ProgramSpace.lean:113:46: This simp argument is unused:
  Function.update_apply

Hint: Omit it from the simp argument list.
  [apply] simp [hj]

Note: This linter can be disabled with `set_option linter.unusedSimpArgs false`
warning: Complexity/ArcKaylesProofs/ProgramSpace.lean:126:46: This simp argument is unused:
  Function.update_apply

Hint: Omit it from the simp argument list.
  [apply] simp [hj]

Note: This linter can be disabled with `set_option linter.unusedSimpArgs false`
warning: Complexity/ArcKaylesProofs/ProgramSpace.lean:150:45: Unused tactic linter: `change (_ : List Bool).length < bound` does nothing

Note: This linter can be disabled with `set_option linter.unusedTactic false`
⚠ [3128/3174] Replayed Complexity.ArcKaylesProofs.QuantifiedReachability
warning: Complexity/ArcKaylesProofs/QuantifiedReachability.lean:57:74: This simp argument is unused:
  Expr.eval

Hint: Omit it from the simp argument list.
  [apply] simp [splitEnv, leftIndex, rightIndex, sideIndex, oldIndex, midIndex, hb, Function.comp_def]

Note: This linter can be disabled with `set_option linter.unusedSimpArgs false`
warning: Complexity/ArcKaylesProofs/QuantifiedReachability.lean:84:30: This simp argument is unused:
  hb

Hint: Omit it from the simp argument list.
  [apply] simp

Note: This linter can be disabled with `set_option linter.unusedSimpArgs false`
warning: Complexity/ArcKaylesProofs/QuantifiedReachability.lean:85:30: This simp argument is unused:
  hb

Hint: Omit it from the simp argument list.
  [apply] simp

Note: This linter can be disabled with `set_option linter.unusedSimpArgs false`
⚠ [3140/3174] Replayed Complexity.ArcKaylesProofs.QuantifiedCNF
warning: Complexity/ArcKaylesProofs/QuantifiedCNF.lean:157:44: This simp argument is unused:
  Bool.true_eq

Hint: Omit it from the simp argument list.
  [apply] simp only [Formula.toCNF, Prefix.Holds, ↓reduceIte, Formula.Holds]

Note: This linter can be disabled with `set_option linter.unusedSimpArgs false`
⚠ [3141/3174] Replayed Complexity.ArcKaylesProofs.CNFThreats
warning: Complexity/ArcKaylesProofs/CNFThreats.lean:29:25: This simp argument is unused:
  and_left_comm

Hint: Omit it from the simp argument list.
  [apply] simp [and_comm, and_assoc]

Note: This linter can be disabled with `set_option linter.unusedSimpArgs false`
⚠ [3142/3174] Replayed Complexity.ArcKaylesProofs.CNFStrategyComparison
warning: Complexity/ArcKaylesProofs/CNFStrategyComparison.lean:54:67: This simp argument is unused:
  hqr

Hint: Omit it from the simp argument list.
  [apply] simp [Ne.symm hqr]

Note: This linter can be disabled with `set_option linter.unusedSimpArgs false`
⚠ [3143/3174] Replayed Complexity.ArcKaylesProofs.CNFInert
warning: Complexity/ArcKaylesProofs/CNFInert.lean:44:80: This simp argument is unused:
  Finset.erase_singleton

Hint: Omit it from the simp argument list.
  [apply] simp only [Finset.mem_insert, Finset.notMem_empty, or_false, forall_eq]

Note: This linter can be disabled with `set_option linter.unusedSimpArgs false`
warning: Complexity/ArcKaylesProofs/CNFInert.lean:48:85: This simp argument is unused:
  Finset.erase_singleton

Hint: Omit it from the simp argument list.
  [apply] simp only [Finset.mem_insert, Finset.notMem_empty, or_false, exists_eq_left]

Note: This linter can be disabled with `set_option linter.unusedSimpArgs false`
⚠ [3145/3174] Replayed Complexity.ArcKaylesProofs.ByskovRound
warning: Complexity/ArcKaylesProofs/ByskovRound.lean:83:36: This simp argument is unused:
  and_comm

Hint: Omit it from the simp argument list.
  [apply] simp [RoundData.remaining, and_left_comm, and_assoc]

Note: This linter can be disabled with `set_option linter.unusedSimpArgs false`
warning: Complexity/ArcKaylesProofs/ByskovRound.lean:83:61: This simp argument is unused:
  and_assoc

Hint: Omit it from the simp argument list.
  [apply] simp [RoundData.remaining, and_comm, and_left_comm]

Note: This linter can be disabled with `set_option linter.unusedSimpArgs false`
warning: Complexity/ArcKaylesProofs/ByskovRound.lean:88:34: This simp argument is unused:
  or_comm

Hint: Omit it from the simp argument list.
  [apply] simp [RoundData.claimed, or_left_comm, or_assoc]

Note: This linter can be disabled with `set_option linter.unusedSimpArgs false`
warning: Complexity/ArcKaylesProofs/ByskovRound.lean:88:57: This simp argument is unused:
  or_assoc

Hint: Omit it from the simp argument list.
  [apply] simp [RoundData.claimed, or_comm, or_left_comm]

Note: This linter can be disabled with `set_option linter.unusedSimpArgs false`
⚠ [3153/3174] Replayed Complexity.ArcKaylesProofs.AlternatingCNF
warning: Complexity/ArcKaylesProofs/AlternatingCNF.lean:65:46: This simp argument is unused:
  and_assoc

Hint: Omit it from the simp argument list.
  [apply] simp [claims, SignedLiteral.node, SignedLiteral.vertex, SignedLiteral.value, Finset.mem_biUnion, node_eq,
    eq_comm]

Note: This linter can be disabled with `set_option linter.unusedSimpArgs false`
warning: Complexity/ArcKaylesProofs/AlternatingCNF.lean:90:87: This simp argument is unused:
  Finset.empty_union

Hint: Omit it from the simp argument list.
  [apply] simp only [claims, Finset.biUnion_insert, Function.update_self, Finset.insert_union]

Note: This linter can be disabled with `set_option linter.unusedSimpArgs false`
warning: Complexity/ArcKaylesProofs/AlternatingCNF.lean:99:14: This simp argument is unused:
  Ne.symm hj

Hint: Omit it from the simp argument list.
  [apply] simp [hj]

Note: This linter can be disabled with `set_option linter.unusedSimpArgs false`
⚠ [3154/3174] Replayed Complexity.ArcKaylesProofs.ByskovReduction
warning: Complexity/ArcKaylesProofs/ByskovReduction.lean:115:52: Used `tac1 <;> tac2` where `(tac1; tac2)` would suffice

Note: This linter can be disabled with `set_option linter.unnecessarySeqFocus false`
⚠ [3155/3174] Replayed Complexity.ArcKaylesProofs.QuantifierNormalization
warning: Complexity/ArcKaylesProofs/QuantifierNormalization.lean:24:57: This simp argument is unused:
  Bool.true_eq

Hint: Omit it from the simp argument list.
  [apply] simp only [quantify, Bool.false_eq_true, ↓reduceIte]

Note: This linter can be disabled with `set_option linter.unusedSimpArgs false`
warning: Complexity/ArcKaylesProofs/QuantifierNormalization.lean:30:57: This simp argument is unused:
  Bool.true_eq

Hint: Omit it from the simp argument list.
  [apply] simp only [quantify, Bool.false_eq_true, ↓reduceIte]

Note: This linter can be disabled with `set_option linter.unusedSimpArgs false`
warning: Complexity/ArcKaylesProofs/QuantifierNormalization.lean:42:21: This simp argument is unused:
  show ¬(start ≤ j ∧ j < start + 0) by omega

Hint: Omit it from the simp argument list.
  [apply] simp [assignBlock]

Note: This linter can be disabled with `set_option linter.unusedSimpArgs false`
warning: Complexity/ArcKaylesProofs/QuantifierNormalization.lean:82:10: This simp argument is unused:
  Nat.add_assoc

Hint: Omit it from the simp argument list.
  [apply] simp [Nat.add_comm, Nat.add_left_comm]

Note: This linter can be disabled with `set_option linter.unusedSimpArgs false`
⚠ [3159/3485] Replayed Complexity.ArcKaylesProofs.TransitionWords
warning: Complexity/ArcKaylesProofs/TransitionWords.lean:52:36: try 'simp' instead of 'simpa'

Note: This linter can be disabled with `set_option linter.unnecessarySimpa false`
warning: Complexity/ArcKaylesProofs/TransitionWords.lean:64:58: This simp argument is unused:
  and_assoc

Hint: Omit it from the simp argument list.
  [apply] simp [remove_mem, Fin.val_inj, and_comm, and_left_comm]

Note: This linter can be disabled with `set_option linter.unusedSimpArgs false`
warning: Complexity/ArcKaylesProofs/TransitionWords.lean:77:47: try 'simp' instead of 'simpa'

Note: This linter can be disabled with `set_option linter.unnecessarySimpa false`
warning: Complexity/ArcKaylesProofs/TransitionWords.lean:73:36: This simp argument is unused:
  List.getElem?_cons_succ

Hint: Omit it from the simp argument list.
  [apply] simp only [List.length_replicate]

Note: This linter can be disabled with `set_option linter.unusedSimpArgs false`
warning: Complexity/ArcKaylesProofs/TransitionWords.lean:132:30: This simp argument is unused:
  List.getElem?_cons_zero

Hint: Omit it from the simp argument list.
  [apply] simp only [nextBody, bit, Option.getD_some, Bool.false_eq_true, ↓reduceIte, Nat.add_eq_zero_iff,
    Nat.one_ne_zero, and_false, List.length_cons, Nat.succ_ne_zero, or_self]

Note: This linter can be disabled with `set_option linter.unusedSimpArgs false`
warning: Complexity/ArcKaylesProofs/TransitionWords.lean:132:55: This simp argument is unused:
  Option.getD_some

Hint: Omit it from the simp argument list.
  [apply] simp only [nextBody, bit, List.getElem?_cons_zero, Bool.false_eq_true, ↓reduceIte, Nat.add_eq_zero_iff,
    Nat.one_ne_zero, and_false, List.length_cons, Nat.succ_ne_zero, or_self]

Note: This linter can be disabled with `set_option linter.unusedSimpArgs false`
warning: Complexity/ArcKaylesProofs/TransitionWords.lean:132:73: This simp argument is unused:
  Bool.false_eq_true

Hint: Omit it from the simp argument list.
  [apply] simp only [nextBody, bit, List.getElem?_cons_zero, Option.getD_some, ↓reduceIte, Nat.add_eq_zero_iff,
    Nat.one_ne_zero, and_false, List.length_cons, Nat.succ_ne_zero, or_self]

Note: This linter can be disabled with `set_option linter.unusedSimpArgs false`
warning: Complexity/ArcKaylesProofs/TransitionWords.lean:133:18: This simp argument is unused:
  Nat.add_eq_zero_iff

Hint: Omit it from the simp argument list.
  [apply] simp only [nextBody, bit, List.getElem?_cons_zero, Option.getD_some, Bool.false_eq_true, ↓reduceIte,
    Nat.one_ne_zero, and_false, List.length_cons, Nat.succ_ne_zero, or_self]

Note: This linter can be disabled with `set_option linter.unusedSimpArgs false`
warning: Complexity/ArcKaylesProofs/TransitionWords.lean:133:39: This simp argument is unused:
  Nat.one_ne_zero

Hint: Omit it from the simp argument list.
  [apply] simp only [nextBody, bit, List.getElem?_cons_zero, Option.getD_some, Bool.false_eq_true, ↓reduceIte,
    Nat.add_eq_zero_iff, and_false, List.length_cons, Nat.succ_ne_zero, or_self]

Note: This linter can be disabled with `set_option linter.unusedSimpArgs false`
warning: Complexity/ArcKaylesProofs/TransitionWords.lean:133:56: This simp argument is unused:
  and_false

Hint: Omit it from the simp argument list.
  [apply] simp only [nextBody, bit, List.getElem?_cons_zero, Option.getD_some, Bool.false_eq_true, ↓reduceIte,
    Nat.add_eq_zero_iff, Nat.one_ne_zero, List.length_cons, Nat.succ_ne_zero, or_self]

Note: This linter can be disabled with `set_option linter.unusedSimpArgs false`
warning: Complexity/ArcKaylesProofs/TransitionWords.lean:155:30: This simp argument is unused:
  List.getElem?_cons_zero

Hint: Omit it from the simp argument list.
  [apply] simp only [nextBody, bit, Option.getD_some, Bool.false_eq_true, ↓reduceIte, Nat.add_eq_zero_iff,
    Nat.one_ne_zero, and_false, List.length_cons, Nat.succ_ne_zero, or_self]

Note: This linter can be disabled with `set_option linter.unusedSimpArgs false`
warning: Complexity/ArcKaylesProofs/TransitionWords.lean:155:55: This simp argument is unused:
  Option.getD_some

Hint: Omit it from the simp argument list.
  [apply] simp only [nextBody, bit, List.getElem?_cons_zero, Bool.false_eq_true, ↓reduceIte, Nat.add_eq_zero_iff,
    Nat.one_ne_zero, and_false, List.length_cons, Nat.succ_ne_zero, or_self]

Note: This linter can be disabled with `set_option linter.unusedSimpArgs false`
warning: Complexity/ArcKaylesProofs/TransitionWords.lean:155:73: This simp argument is unused:
  Bool.false_eq_true

Hint: Omit it from the simp argument list.
  [apply] simp only [nextBody, bit, List.getElem?_cons_zero, Option.getD_some, ↓reduceIte, Nat.add_eq_zero_iff,
    Nat.one_ne_zero, and_false, List.length_cons, Nat.succ_ne_zero, or_self]

Note: This linter can be disabled with `set_option linter.unusedSimpArgs false`
warning: Complexity/ArcKaylesProofs/TransitionWords.lean:156:18: This simp argument is unused:
  Nat.add_eq_zero_iff

Hint: Omit it from the simp argument list.
  [apply] simp only [nextBody, bit, List.getElem?_cons_zero, Option.getD_some, Bool.false_eq_true, ↓reduceIte,
    Nat.one_ne_zero, and_false, List.length_cons, Nat.succ_ne_zero, or_self]

Note: This linter can be disabled with `set_option linter.unusedSimpArgs false`
warning: Complexity/ArcKaylesProofs/TransitionWords.lean:156:39: This simp argument is unused:
  Nat.one_ne_zero

Hint: Omit it from the simp argument list.
  [apply] simp only [nextBody, bit, List.getElem?_cons_zero, Option.getD_some, Bool.false_eq_true, ↓reduceIte,
    Nat.add_eq_zero_iff, and_false, List.length_cons, Nat.succ_ne_zero, or_self]

Note: This linter can be disabled with `set_option linter.unusedSimpArgs false`
warning: Complexity/ArcKaylesProofs/TransitionWords.lean:156:56: This simp argument is unused:
  and_false

Hint: Omit it from the simp argument list.
  [apply] simp only [nextBody, bit, List.getElem?_cons_zero, Option.getD_some, Bool.false_eq_true, ↓reduceIte,
    Nat.add_eq_zero_iff, Nat.one_ne_zero, List.length_cons, Nat.succ_ne_zero, or_self]

Note: This linter can be disabled with `set_option linter.unusedSimpArgs false`
⚠ [3160/3485] Replayed Complexity.ArcKaylesProofs.TransitionCode
warning: Complexity/ArcKaylesProofs/TransitionCode.lean:83:4: This simp argument is unused:
  List.append_assoc

Hint: Omit it from the simp argument list.
  [apply] simp only [Code.eval, nextBody, bit, Bool.or_eq_true, decide_eq_true_eq, List.cons_append, List.nil_append]

Note: This linter can be disabled with `set_option linter.unusedSimpArgs false`
⚠ [3162/3485] Replayed Complexity.ArcKaylesProofs.GraphHeader
warning: Complexity/ArcKaylesProofs/GraphHeader.lean:28:36: try 'simp' instead of 'simpa'

Note: This linter can be disabled with `set_option linter.unnecessarySimpa false`
warning: Complexity/ArcKaylesProofs/GraphHeader.lean:31:19: This simp argument is unused:
  List.getElem?_eq_getElem

Hint: Omit it from the simp argument list.
  [apply] simp [matrixRow, hu]

Note: This linter can be disabled with `set_option linter.unusedSimpArgs false`
⚠ [3164/3485] Replayed Complexity.ArcKaylesProofs.InputCapture
warning: Complexity/ArcKaylesProofs/InputCapture.lean:88:70: Unused tactic linter: `omega` does nothing

Note: This linter can be disabled with `set_option linter.unusedTactic false`
warning: Complexity/ArcKaylesProofs/InputCapture.lean:88:70: this tactic is never executed

Note: This linter can be disabled with `set_option linter.unreachableTactic false`
⚠ [3167/3485] Replayed Complexity.ArcKaylesProofs.AlternatingNormalization
warning: Complexity/ArcKaylesProofs/AlternatingNormalization.lean:91:43: This simp argument is unused:
  hq

Hint: Omit it from the simp argument list.
  [apply] simp [quantify]

Note: This linter can be disabled with `set_option linter.unusedSimpArgs false`
warning: Complexity/ArcKaylesProofs/AlternatingNormalization.lean:100:54: This simp argument is unused:
  hj

Hint: Omit it from the simp argument list.
  [apply] simp [List.getElem_finRange, List.getElem_zipIdx]

Note: This linter can be disabled with `set_option linter.unusedSimpArgs false`
⚠ [3169/3485] Replayed Complexity.ArcKaylesProofs.ByskovEncoding
warning: Complexity/ArcKaylesProofs/ByskovEncoding.lean:84:71: This simp argument is unused:
  eq_comm

Hint: Omit it from the simp argument list.
  [apply] simp [controls, Finset.mem_biUnion, node_eq, and_or_left, exists_or]

Note: This linter can be disabled with `set_option linter.unusedSimpArgs false`
warning: Complexity/ArcKaylesProofs/ByskovEncoding.lean:101:39: This simp argument is unused:
  or_left_comm

Hint: Omit it from the simp argument list.
  [apply] simp [or_assoc, or_comm]

Note: This linter can be disabled with `set_option linter.unusedSimpArgs false`
warning: Complexity/ArcKaylesProofs/ByskovEncoding.lean:104:40: This simp argument is unused:
  List.take_succ_cons

Hint: Omit it from the simp argument list.
  [apply] simp only [flatLayers, List.zipIdx_cons, List.flatMap_cons, List.take_zero, controls_nil, Finset.empty_union,
    controls_cons]

Note: This linter can be disabled with `set_option linter.unusedSimpArgs false`
warning: Complexity/ArcKaylesProofs/ByskovEncoding.lean:107:58: This simp argument is unused:
  Finset.union_assoc

Hint: Omit it from the simp argument list.
  [apply] simp [Nat.add_comm, List.append_assoc, controls_cons, Finset.union_left_comm]

Note: This linter can be disabled with `set_option linter.unusedSimpArgs false`
⚠ [3170/3485] Replayed Complexity.ArcKaylesProofs.ByskovMatrix
warning: Complexity/ArcKaylesProofs/ByskovMatrix.lean:78:4: try 'simp' instead of 'simpa'

Note: This linter can be disabled with `set_option linter.unnecessarySimpa false`
warning: Complexity/ArcKaylesProofs/ByskovMatrix.lean:77:22: This simp argument is unused:
  List.getElem?_eq_getElem

Hint: Omit it from the simp argument list.
  [apply] simp [localIndices, show j.val < localClauses.length by simpa [localClauses] using j.isLt,
    Vertex.index_injective.eq_iff]

Note: This linter can be disabled with `set_option linter.unusedSimpArgs false`
warning: Complexity/ArcKaylesProofs/ByskovMatrix.lean:118:17: try 'simp' instead of 'simpa'

Note: This linter can be disabled with `set_option linter.unnecessarySimpa false`
⚠ [3172/3485] Replayed Complexity.ArcKaylesProofs.ByskovCode
warning: Complexity/ArcKaylesProofs/ByskovCode.lean:55:4: This simp argument is unused:
  List.flatMap_map

Hint: Omit it from the simp argument list.
  [apply] simp only [localRowCode, Code.eval_loop, Test.correct, ht, vertexNumber, Number.add, Number.mul,
    Number.constant, Number.rename, Number.length, extend, Option.elim_some, Option.elim_none, List.length_replicate,
    Function.comp_def, List.flatMap_cons, List.flatMap_nil, List.append_nil, rawLocalRow, ← List.map_eq_flatMap]

Note: This linter can be disabled with `set_option linter.unusedSimpArgs false`
warning: Complexity/ArcKaylesProofs/ByskovCode.lean:55:22: This simp argument is unused:
  List.flatMap_cons

Hint: Omit it from the simp argument list.
  [apply] simp only [localRowCode, Code.eval_loop, Test.correct, ht, vertexNumber, Number.add, Number.mul,
    Number.constant, Number.rename, Number.length, extend, Option.elim_some, Option.elim_none, List.length_replicate,
    Function.comp_def, List.flatMap_map, List.flatMap_nil, List.append_nil, rawLocalRow, ← List.map_eq_flatMap]

Note: This linter can be disabled with `set_option linter.unusedSimpArgs false`
warning: Complexity/ArcKaylesProofs/ByskovCode.lean:55:41: This simp argument is unused:
  List.flatMap_nil

Hint: Omit it from the simp argument list.
  [apply] simp only [localRowCode, Code.eval_loop, Test.correct, ht, vertexNumber, Number.add, Number.mul,
    Number.constant, Number.rename, Number.length, extend, Option.elim_some, Option.elim_none, List.length_replicate,
    Function.comp_def, List.flatMap_map, List.flatMap_cons, List.append_nil, rawLocalRow, ← List.map_eq_flatMap]

Note: This linter can be disabled with `set_option linter.unusedSimpArgs false`
warning: Complexity/ArcKaylesProofs/ByskovCode.lean:55:59: This simp argument is unused:
  List.append_nil

Hint: Omit it from the simp argument list.
  [apply] simp only [localRowCode, Code.eval_loop, Test.correct, ht, vertexNumber, Number.add, Number.mul,
    Number.constant, Number.rename, Number.length, extend, Option.elim_some, Option.elim_none, List.length_replicate,
    Function.comp_def, List.flatMap_map, List.flatMap_cons, List.flatMap_nil, rawLocalRow, ← List.map_eq_flatMap]

Note: This linter can be disabled with `set_option linter.unusedSimpArgs false`
warning: Complexity/ArcKaylesProofs/ByskovCode.lean:74:4: This simp argument is unused:
  List.flatMap_map

Hint: Omit it from the simp argument list.
  [apply] simp only [baseRowCode, Code.eval_loop, Test.correct, ht, vertexNumber, Number.add, Number.mul,
    Number.constant, Number.rename, Number.length, extend, Option.elim_some, Option.elim_none, List.length_replicate,
    Function.comp_def, List.flatMap_cons, List.flatMap_nil, List.append_nil, rawBaseRow, ← List.map_eq_flatMap]

Note: This linter can be disabled with `set_option linter.unusedSimpArgs false`
warning: Complexity/ArcKaylesProofs/ByskovCode.lean:74:22: This simp argument is unused:
  List.flatMap_cons

Hint: Omit it from the simp argument list.
  [apply] simp only [baseRowCode, Code.eval_loop, Test.correct, ht, vertexNumber, Number.add, Number.mul,
    Number.constant, Number.rename, Number.length, extend, Option.elim_some, Option.elim_none, List.length_replicate,
    Function.comp_def, List.flatMap_map, List.flatMap_nil, List.append_nil, rawBaseRow, ← List.map_eq_flatMap]

Note: This linter can be disabled with `set_option linter.unusedSimpArgs false`
warning: Complexity/ArcKaylesProofs/ByskovCode.lean:74:41: This simp argument is unused:
  List.flatMap_nil

Hint: Omit it from the simp argument list.
  [apply] simp only [baseRowCode, Code.eval_loop, Test.correct, ht, vertexNumber, Number.add, Number.mul,
    Number.constant, Number.rename, Number.length, extend, Option.elim_some, Option.elim_none, List.length_replicate,
    Function.comp_def, List.flatMap_map, List.flatMap_cons, List.append_nil, rawBaseRow, ← List.map_eq_flatMap]

Note: This linter can be disabled with `set_option linter.unusedSimpArgs false`
warning: Complexity/ArcKaylesProofs/ByskovCode.lean:74:59: This simp argument is unused:
  List.append_nil

Hint: Omit it from the simp argument list.
  [apply] simp only [baseRowCode, Code.eval_loop, Test.correct, ht, vertexNumber, Number.add, Number.mul,
    Number.constant, Number.rename, Number.length, extend, Option.elim_some, Option.elim_none, List.length_replicate,
    Function.comp_def, List.flatMap_map, List.flatMap_cons, List.flatMap_nil, rawBaseRow, ← List.map_eq_flatMap]

Note: This linter can be disabled with `set_option linter.unusedSimpArgs false`
warning: Complexity/ArcKaylesProofs/ByskovCode.lean:90:4: This simp argument is unused:
  List.flatMap_map

Hint: Omit it from the simp argument list.
  [apply] simp only [dummyRowCode, Code.eval_loop, Test.correct, Test.eq_value, vertexNumber, Number.add, Number.mul,
    Number.constant, Number.rename, Number.length, extend, Option.elim_some, Option.elim_none, List.length_replicate,
    Function.comp_def, List.flatMap_cons, List.flatMap_nil, List.append_nil, ← List.map_eq_flatMap]

Note: This linter can be disabled with `set_option linter.unusedSimpArgs false`
warning: Complexity/ArcKaylesProofs/ByskovCode.lean:90:22: This simp argument is unused:
  List.flatMap_cons

Hint: Omit it from the simp argument list.
  [apply] simp only [dummyRowCode, Code.eval_loop, Test.correct, Test.eq_value, vertexNumber, Number.add, Number.mul,
    Number.constant, Number.rename, Number.length, extend, Option.elim_some, Option.elim_none, List.length_replicate,
    Function.comp_def, List.flatMap_map, List.flatMap_nil, List.append_nil, ← List.map_eq_flatMap]

Note: This linter can be disabled with `set_option linter.unusedSimpArgs false`
warning: Complexity/ArcKaylesProofs/ByskovCode.lean:90:41: This simp argument is unused:
  List.flatMap_nil

Hint: Omit it from the simp argument list.
  [apply] simp only [dummyRowCode, Code.eval_loop, Test.correct, Test.eq_value, vertexNumber, Number.add, Number.mul,
    Number.constant, Number.rename, Number.length, extend, Option.elim_some, Option.elim_none, List.length_replicate,
    Function.comp_def, List.flatMap_map, List.flatMap_cons, List.append_nil, ← List.map_eq_flatMap]

Note: This linter can be disabled with `set_option linter.unusedSimpArgs false`
warning: Complexity/ArcKaylesProofs/ByskovCode.lean:90:59: This simp argument is unused:
  List.append_nil

Hint: Omit it from the simp argument list.
  [apply] simp only [dummyRowCode, Code.eval_loop, Test.correct, Test.eq_value, vertexNumber, Number.add, Number.mul,
    Number.constant, Number.rename, Number.length, extend, Option.elim_some, Option.elim_none, List.length_replicate,
    Function.comp_def, List.flatMap_map, List.flatMap_cons, List.flatMap_nil, ← List.map_eq_flatMap]

Note: This linter can be disabled with `set_option linter.unusedSimpArgs false`
⚠ [3173/3485] Replayed Complexity.ArcKaylesProofs.ByskovWord
warning: Complexity/ArcKaylesProofs/ByskovWord.lean:26:34: This simp argument is unused:
  clauseBits

Hint: Omit it from the simp argument list.
  [apply] simp only [Function.comp_apply, Finset.mem_union]

Note: This linter can be disabled with `set_option linter.unusedSimpArgs false`
warning: Complexity/ArcKaylesProofs/ByskovWord.lean:86:31: This simp argument is unused:
  Function.comp_def

Hint: Omit it from the simp argument list.
  [apply] simp only [List.flatMap_map, List.append_assoc]

Note: This linter can be disabled with `set_option linter.unusedSimpArgs false`
⚠ [3178/3485] Replayed Complexity.ArcKaylesProofs.PatternExpressions
warning: Complexity/ArcKaylesProofs/PatternExpressions.lean:32:9: Variable name `S` is not explicitly referenced.

Hint: The binding can be removed (if unused) or named `_` (if used implicitly). Alternatively, prefix the name with `_` to silence this warning:
  [apply] _S

Note: This linter can be disabled with `set_option linter.unusedVariables false`
warning: Complexity/ArcKaylesProofs/PatternExpressions.lean:32:14: Variable name `p` is not explicitly referenced.

Hint: The binding can be removed (if unused) or named `_` (if used implicitly). Alternatively, prefix the name with `_` to silence this warning:
  [apply] _p

Note: This linter can be disabled with `set_option linter.unusedVariables false`
warning: Complexity/ArcKaylesProofs/PatternExpressions.lean:59:52: This simp argument is unused:
  List.forall_mem_map

Hint: Omit it from the simp argument list.
  [apply] simp only [List.mem_map, exists_exists_and_eq_and, List.mem_range, Expr.eval, Bool.and_eq_true, Expr.eval_all,
    Symbol.correct, ih, List.length_map, ← List.map_take, ← List.map_drop, List.forall_mem_map]

Note: This linter can be disabled with `set_option linter.unusedSimpArgs false`
warning: Complexity/ArcKaylesProofs/PatternExpressions.lean:59:73: This simp argument is unused:
  Symbol.correct

Hint: Omit it from the simp argument list.
  [apply] simp only [List.mem_map, exists_exists_and_eq_and, List.mem_range, Expr.eval, Bool.and_eq_true, Expr.eval_all,
    List.forall_mem_map, ih, List.length_map, ← List.map_take, ← List.map_drop, List.forall_mem_map]

Note: This linter can be disabled with `set_option linter.unusedSimpArgs false`
warning: Complexity/ArcKaylesProofs/PatternExpressions.lean:60:63: This simp argument is unused:
  List.forall_mem_map

Hint: Omit it from the simp argument list.
  [apply] simp only [List.mem_map, exists_exists_and_eq_and, List.mem_range, Expr.eval, Bool.and_eq_true, Expr.eval_all,
    List.forall_mem_map, Symbol.correct, ih, List.length_map, ← List.map_take, ← List.map_drop]

Note: This linter can be disabled with `set_option linter.unusedSimpArgs false`
warning: Complexity/ArcKaylesProofs/PatternExpressions.lean:73:50: Used `tac1 <;> tac2` where `(tac1; tac2)` would suffice

Note: This linter can be disabled with `set_option linter.unnecessarySeqFocus false`
warning: Complexity/ArcKaylesProofs/PatternExpressions.lean:77:50: Used `tac1 <;> tac2` where `(tac1; tac2)` would suffice

Note: This linter can be disabled with `set_option linter.unnecessarySeqFocus false`
⚠ [3179/3485] Replayed Complexity.ClassesProofs.SavitchProofs.StackRoutines
warning: Complexity/ClassesProofs/SavitchProofs/StackRoutines.lean:89:18: This simp argument is unused:
  Function.update_apply

Hint: Omit it from the simp argument list.
  [apply] simp_all

Note: This linter can be disabled with `set_option linter.unusedSimpArgs false`
warning: Complexity/ClassesProofs/SavitchProofs/StackRoutines.lean:201:18: This simp argument is unused:
  Function.update_apply

Hint: Omit it from the simp argument list.
  [apply] simp_all

Note: This linter can be disabled with `set_option linter.unusedSimpArgs false`
warning: Complexity/ClassesProofs/SavitchProofs/StackRoutines.lean:315:68: This simp argument is unused:
  Function.update_apply

Hint: Omit it from the simp argument list.
  [apply] simp_all

Note: This linter can be disabled with `set_option linter.unusedSimpArgs false`
⚠ [3180/3485] Replayed Complexity.ClassesProofs.SavitchProofs.BinaryCounter
warning: Complexity/ClassesProofs/SavitchProofs/BinaryCounter.lean:129:18: This simp argument is unused:
  Function.update_apply

Hint: Omit it from the simp argument list.
  [apply] simp_all [Ne.symm hne]

Note: This linter can be disabled with `set_option linter.unusedSimpArgs false`
warning: Complexity/ClassesProofs/SavitchProofs/BinaryCounter.lean:148:20: This simp argument is unused:
  Function.update_apply

Hint: Omit it from the simp argument list.
  [apply] simp_all [Ne.symm hne]

Note: This linter can be disabled with `set_option linter.unusedSimpArgs false`
⚠ [3181/3485] Replayed Complexity.ClassesProofs.SavitchProofs.BinaryWords
warning: Complexity/ClassesProofs/SavitchProofs/BinaryWords.lean:43:42: Used `tac1 <;> tac2` where `(tac1; tac2)` would suffice

Note: This linter can be disabled with `set_option linter.unnecessarySeqFocus false`
warning: Complexity/ClassesProofs/SavitchProofs/BinaryWords.lean:92:61: Used `tac1 <;> tac2` where `(tac1; tac2)` would suffice

Note: This linter can be disabled with `set_option linter.unnecessarySeqFocus false`
⚠ [3184/3485] Replayed Complexity.ClassesProofs.SavitchProofs.FiniteCoding
warning: Complexity/ClassesProofs/SavitchProofs/FiniteCoding.lean:41:43: Unused tactic linter: `omega` does nothing

Note: This linter can be disabled with `set_option linter.unusedTactic false`
warning: Complexity/ClassesProofs/SavitchProofs/FiniteCoding.lean:41:43: this tactic is never executed

Note: This linter can be disabled with `set_option linter.unreachableTactic false`
warning: Complexity/ClassesProofs/SavitchProofs/FiniteCoding.lean:64:8: automatically included section variable(s) unused in theorem `Complexity.ClassesProofs.SavitchProofs.FiniteCoding.encode_length`:
  [Inhabited α]
consider restructuring your `variable` declarations so that the variables are not in scope or explicitly omit them:
  omit [Inhabited α] in theorem ...

Note: This linter can be disabled with `set_option linter.unusedSectionVars false`
warning: Complexity/ClassesProofs/SavitchProofs/FiniteCoding.lean:72:8: automatically included section variable(s) unused in theorem `Complexity.ClassesProofs.SavitchProofs.FiniteCoding.encode_zero`:
  [Inhabited α]
consider restructuring your `variable` declarations so that the variables are not in scope or explicitly omit them:
  omit [Inhabited α] in theorem ...

Note: This linter can be disabled with `set_option linter.unusedSectionVars false`
warning: Complexity/ClassesProofs/SavitchProofs/FiniteCoding.lean:75:8: automatically included section variable(s) unused in theorem `Complexity.ClassesProofs.SavitchProofs.FiniteCoding.encode_one`:
  [Inhabited α]
consider restructuring your `variable` declarations so that the variables are not in scope or explicitly omit them:
  omit [Inhabited α] in theorem ...

Note: This linter can be disabled with `set_option linter.unusedSectionVars false`
warning: Complexity/ClassesProofs/SavitchProofs/FiniteCoding.lean:111:8: This simp argument is unused:
  List.take_append

Hint: Omit it from the simp argument list.
  [apply] simp [List.drop_append]

Note: This linter can be disabled with `set_option linter.unusedSimpArgs false`
warning: Complexity/ClassesProofs/SavitchProofs/FiniteCoding.lean:111:26: This simp argument is unused:
  List.drop_append

Hint: Omit it from the simp argument list.
  [apply] simp [List.take_append]

Note: This linter can be disabled with `set_option linter.unusedSimpArgs false`
warning: Complexity/ClassesProofs/SavitchProofs/FiniteCoding.lean:128:22: This simp argument is unused:
  ← List.replicate_add

Hint: Omit it from the simp argument list.
  [apply] simp [Nat.mul_succ, Nat.add_comm]

Note: Simp arguments with `←` have the additional effect of removing the other direction from the simp set, even if the simp argument itself is unused. If the hint above does not work, try replacing `←` with `-` to only get that effect and silence this warning.

Note: This linter can be disabled with `set_option linter.unusedSimpArgs false`
⚠ [3185/3485] Replayed Complexity.ArcKaylesProofs.EncodedSymbols
warning: Complexity/ArcKaylesProofs/EncodedSymbols.lean:91:34: This simp argument is unused:
  List.getElem?_eq_getElem

Hint: Omit it from the simp argument list.
  [apply] simp [vectorWord, blockWires, hjx, Nat.add_comm]

Note: This linter can be disabled with `set_option linter.unusedSimpArgs false`
warning: Complexity/ArcKaylesProofs/EncodedSymbols.lean:91:65: This simp argument is unused:
  Nat.add_comm

Hint: Omit it from the simp argument list.
  [apply] simp [vectorWord, blockWires, List.getElem?_eq_getElem, hjx]

Note: This linter can be disabled with `set_option linter.unusedSimpArgs false`
⚠ [3186/3485] Replayed Complexity.ClassesProofs.SavitchProofs.TapeZipper
warning: Complexity/ClassesProofs/SavitchProofs/TapeZipper.lean:131:60: Used `tac1 <;> tac2` where `(tac1; tac2)` would suffice

Note: This linter can be disabled with `set_option linter.unnecessarySeqFocus false`
warning: Complexity/ClassesProofs/SavitchProofs/TapeZipper.lean:132:62: Used `tac1 <;> tac2` where `(tac1; tac2)` would suffice

Note: This linter can be disabled with `set_option linter.unnecessarySeqFocus false`
warning: Complexity/ClassesProofs/SavitchProofs/TapeZipper.lean:143:56: Used `tac1 <;> tac2` where `(tac1; tac2)` would suffice

Note: This linter can be disabled with `set_option linter.unnecessarySeqFocus false`
warning: Complexity/ClassesProofs/SavitchProofs/TapeZipper.lean:144:62: Used `tac1 <;> tac2` where `(tac1; tac2)` would suffice

Note: This linter can be disabled with `set_option linter.unnecessarySeqFocus false`
warning: Complexity/ClassesProofs/SavitchProofs/TapeZipper.lean:149:42: This simp argument is unused:
  List.getElem?_replicate

Hint: Omit it from the simp argument list.
  [apply] simp [contents, hi]

Note: This linter can be disabled with `set_option linter.unusedSimpArgs false`
⚠ [3188/3485] Replayed Complexity.ClassesProofs.SavitchProofs.ConfigurationWords
warning: Complexity/ClassesProofs/SavitchProofs/ConfigurationWords.lean:99:4: Unused tactic linter: `change (n + 2).log2 + 1 ≤ s + 1` does nothing

Note: This linter can be disabled with `set_option linter.unusedTactic false`
⚠ [3190/3485] Replayed Complexity.ClassesProofs.SavitchProofs.PairScan
warning: Complexity/ClassesProofs/SavitchProofs/PairScan.lean:96:24: This simp argument is unused:
  Function.update_apply

Hint: Omit it from the simp argument list.
  [apply] simp_all

Note: This linter can be disabled with `set_option linter.unusedSimpArgs false`
⚠ [3191/3485] Replayed Complexity.ClassesProofs.SavitchProofs.MapStack
warning: Complexity/ClassesProofs/SavitchProofs/MapStack.lean:41:16: This simp argument is unused:
  Function.update_apply

Hint: Omit it from the simp argument list.
  [apply] simp_all [List.map_reverse]

Note: This linter can be disabled with `set_option linter.unusedSimpArgs false`
⚠ [3193/3485] Replayed Complexity.ClassesProofs.SavitchProofs.InputRoutines
warning: Complexity/ClassesProofs/SavitchProofs/InputRoutines.lean:35:23: This simp argument is unused:
  h

Hint: Omit it from the simp argument list.
  [apply] simp [readInput, hi]

Note: This linter can be disabled with `set_option linter.unusedSimpArgs false`
warning: Complexity/ClassesProofs/SavitchProofs/InputRoutines.lean:66:25: This simp argument is unused:
  Control.mk.injEq

Hint: Omit it from the simp argument list.
  [apply] simp_all only [true_and]

Note: This linter can be disabled with `set_option linter.unusedSimpArgs false`
warning: Complexity/ClassesProofs/SavitchProofs/InputRoutines.lean:66:43: This simp argument is unused:
  true_and

Hint: Omit it from the simp argument list.
  [apply] simp_all only [Control.mk.injEq]

Note: This linter can be disabled with `set_option linter.unusedSimpArgs false`
⚠ [3194/3485] Replayed Complexity.ClassesProofs.SavitchProofs.BinaryPatterns
warning: Complexity/ClassesProofs/SavitchProofs/BinaryPatterns.lean:156:29: Variable name `hn'` is not explicitly referenced.

Hint: The binding can be removed (if unused) or named `_` (if used implicitly). Alternatively, prefix the name with `_` to silence this warning:
  [apply] _hn'

Note: This linter can be disabled with `set_option linter.unusedVariables false`
⚠ [3195/3485] Replayed Complexity.ClassesProofs.SavitchProofs.MachinePatterns
warning: Complexity/ClassesProofs/SavitchProofs/MachinePatterns.lean:177:2: Try `simp at ha` instead of `simpa using ha`

Note: This linter can be disabled with `set_option linter.unnecessarySimpa false`
⚠ [3196/3485] Replayed Complexity.ClassesProofs.SavitchProofs.ConfigurationEncoding
warning: Complexity/ClassesProofs/SavitchProofs/ConfigurationEncoding.lean:70:62: Used `tac1 <;> tac2` where `(tac1; tac2)` would suffice

Note: This linter can be disabled with `set_option linter.unnecessarySeqFocus false`
warning: Complexity/ClassesProofs/SavitchProofs/ConfigurationEncoding.lean:74:62: Used `tac1 <;> tac2` where `(tac1; tac2)` would suffice

Note: This linter can be disabled with `set_option linter.unnecessarySeqFocus false`
warning: Complexity/ClassesProofs/SavitchProofs/ConfigurationEncoding.lean:76:62: Used `tac1 <;> tac2` where `(tac1; tac2)` would suffice

Note: This linter can be disabled with `set_option linter.unnecessarySeqFocus false`
⚠ [3203/3485] Replayed Complexity.ClassesProofs.SavitchProofs.EncodedGraph
warning: Complexity/ClassesProofs/SavitchProofs/EncodedGraph.lean:138:4: Unused tactic linter: `change _ ∧ _ ∧ _` does nothing

Note: This linter can be disabled with `set_option linter.unusedTactic false`
⚠ [3205/3485] Replayed Complexity.ArcKaylesProofs.InputExpressions
warning: Complexity/ArcKaylesProofs/InputExpressions.lean:77:13: This simp argument is unused:
  List.map_cons

Hint: Omit it from the simp argument list.
  [apply] simp only [List.map_nil, List.cons_append, List.nil_append, matches_one_single, matches_star, Set.mem_univ,
    implies_true, and_true]

Note: This linter can be disabled with `set_option linter.unusedSimpArgs false`
warning: Complexity/ArcKaylesProofs/InputExpressions.lean:77:28: This simp argument is unused:
  List.map_nil

Hint: Omit it from the simp argument list.
  [apply] simp only [List.map_cons, List.cons_append, List.nil_append, matches_one_single, matches_star, Set.mem_univ,
    implies_true, and_true]

Note: This linter can be disabled with `set_option linter.unusedSimpArgs false`
warning: Complexity/ArcKaylesProofs/InputExpressions.lean:77:42: This simp argument is unused:
  List.cons_append

Hint: Omit it from the simp argument list.
  [apply] simp only [List.map_cons, List.map_nil, List.nil_append, matches_one_single, matches_star, Set.mem_univ,
    implies_true, and_true]

Note: This linter can be disabled with `set_option linter.unusedSimpArgs false`
⚠ [3210/3485] Replayed Complexity.CookLevinProofs.EmitLiteral
warning: Complexity/CookLevinProofs/EmitLiteral.lean:65:25: Unused tactic linter: `simp [encodeLiteral, encodeNat, List.append_assoc]` does nothing

Note: This linter can be disabled with `set_option linter.unusedTactic false`
warning: Complexity/CookLevinProofs/EmitLiteral.lean:65:80: Unused tactic linter: `omega` does nothing

Note: This linter can be disabled with `set_option linter.unusedTactic false`
warning: Complexity/CookLevinProofs/EmitLiteral.lean:65:25: this tactic is never executed

Note: This linter can be disabled with `set_option linter.unreachableTactic false`
warning: Complexity/CookLevinProofs/EmitLiteral.lean:65:80: this tactic is never executed

Note: This linter can be disabled with `set_option linter.unreachableTactic false`
⚠ [3211/3485] Replayed Complexity.CookLevinProofs.EmitClause
warning: Complexity/CookLevinProofs/EmitClause.lean:62:24: This simp argument is unused:
  List.append_assoc

Hint: Omit it from the simp argument list.
  [apply] simp [middle, first, clauseValue, clauseCost, encodeClause, encodeList, emitted_append]

Note: This linter can be disabled with `set_option linter.unusedSimpArgs false`
warning: Complexity/CookLevinProofs/EmitClause.lean:62:43: Used `tac1 <;> tac2` where `(tac1; tac2)` would suffice

Note: This linter can be disabled with `set_option linter.unnecessarySeqFocus false`
warning: Complexity/CookLevinProofs/EmitClause.lean:64:0: automatically included section variable(s) unused in theorem `Complexity.CookLevinProofs.CNFOutput.clauseCost_bound`:
  [DecidableEq K]
consider restructuring your `variable` declarations so that the variables are not in scope or explicitly omit them:
  omit [DecidableEq K] in theorem ...

Note: This linter can be disabled with `set_option linter.unusedSectionVars false`
⚠ [3212/3485] Replayed Complexity.CookLevinProofs.EmitFormula
warning: Complexity/CookLevinProofs/EmitFormula.lean:69:79: This simp argument is unused:
  List.append_assoc

Hint: Omit it from the simp argument list.
  [apply] simp [middle, first, formulaValue, formulaCost, segment, emitted_append]

Note: This linter can be disabled with `set_option linter.unusedSimpArgs false`
warning: Complexity/CookLevinProofs/EmitFormula.lean:69:98: Used `tac1 <;> tac2` where `(tac1; tac2)` would suffice

Note: This linter can be disabled with `set_option linter.unnecessarySeqFocus false`
⚠ [3215/3485] Replayed Complexity.CookLevinProofs.StreamingBind
warning: Complexity/CookLevinProofs/StreamingBind.lean:37:0: automatically included section variable(s) unused in theorem `Complexity.CookLevinProofs.Streaming.bindLeft_injective`:
  [DecidableEq I]
  [DecidableEq W]
  [DecidableEq V]
consider restructuring your `variable` declarations so that the variables are not in scope or explicitly omit them:
  omit [DecidableEq I] [DecidableEq W] [DecidableEq V] in theorem ...

Note: This linter can be disabled with `set_option linter.unusedSectionVars false`
warning: Complexity/CookLevinProofs/StreamingBind.lean:41:0: automatically included section variable(s) unused in theorem `Complexity.CookLevinProofs.Streaming.bindRight_injective`:
  [DecidableEq I]
  [DecidableEq W]
  [DecidableEq V]
consider restructuring your `variable` declarations so that the variables are not in scope or explicitly omit them:
  omit [DecidableEq I] [DecidableEq W] [DecidableEq V] in theorem ...

Note: This linter can be disabled with `set_option linter.unusedSectionVars false`
warning: Complexity/CookLevinProofs/StreamingBind.lean:54:0: automatically included section variable(s) unused in theorem `Complexity.CookLevinProofs.Streaming.bindStore_empty`:
  [DecidableEq I]
  [DecidableEq W]
  [DecidableEq V]
consider restructuring your `variable` declarations so that the variables are not in scope or explicitly omit them:
  omit [DecidableEq I] [DecidableEq W] [DecidableEq V] in theorem ...

Note: This linter can be disabled with `set_option linter.unusedSectionVars false`
warning: Complexity/CookLevinProofs/StreamingBind.lean:67:20: This simp argument is unused:
  emitted

Hint: Omit it from the simp argument list.
  [apply] simp [store, bindStore]

Note: This linter can be disabled with `set_option linter.unusedSimpArgs false`
warning: Complexity/CookLevinProofs/StreamingBind.lean:67:29: This simp argument is unused:
  store

Hint: Omit it from the simp argument list.
  [apply] simp [emitted, bindStore]

Note: This linter can be disabled with `set_option linter.unusedSimpArgs false`
warning: Complexity/CookLevinProofs/StreamingBind.lean:67:36: This simp argument is unused:
  bindStore

Hint: Omit it from the simp argument list.
  [apply] simp [emitted, store]

Note: This linter can be disabled with `set_option linter.unusedSimpArgs false`
warning: Complexity/CookLevinProofs/StreamingBind.lean:75:20: This simp argument is unused:
  emitted

Hint: Omit it from the simp argument list.
  [apply] simp [bindStore]

Note: This linter can be disabled with `set_option linter.unusedSimpArgs false`
warning: Complexity/CookLevinProofs/StreamingBind.lean:75:29: This simp argument is unused:
  bindStore

Hint: Omit it from the simp argument list.
  [apply] simp [emitted]

Note: This linter can be disabled with `set_option linter.unusedSimpArgs false`
warning: Complexity/CookLevinProofs/StreamingBind.lean:87:22: This simp argument is unused:
  bindStore

Hint: Omit it from the simp argument list.
  [apply] simp

Note: This linter can be disabled with `set_option linter.unusedSimpArgs false`
warning: Complexity/CookLevinProofs/StreamingBind.lean:98:20: This simp argument is unused:
  bindStore

Hint: Omit it from the simp argument list.
  [apply] simp [store]

Note: This linter can be disabled with `set_option linter.unusedSimpArgs false`
warning: Complexity/CookLevinProofs/StreamingBind.lean:98:31: This simp argument is unused:
  store

Hint: Omit it from the simp argument list.
  [apply] simp [bindStore]

Note: This linter can be disabled with `set_option linter.unusedSimpArgs false`
⚠ [3216/3485] Replayed Complexity.CookLevinProofs.StackMapTransfer
warning: Complexity/CookLevinProofs/StackMapTransfer.lean:49:72: Used `tac1 <;> tac2` where `(tac1; tac2)` would suffice

Note: This linter can be disabled with `set_option linter.unnecessarySeqFocus false`
warning: Complexity/CookLevinProofs/StackMapTransfer.lean:58:78: Used `tac1 <;> tac2` where `(tac1; tac2)` would suffice

Note: This linter can be disabled with `set_option linter.unnecessarySeqFocus false`
⚠ [3218/3485] Replayed Complexity.CookLevinProofs.StreamingForLayout
warning: Complexity/CookLevinProofs/StreamingForLayout.lean:39:0: automatically included section variable(s) unused in theorem `Complexity.CookLevinProofs.Streaming.forLength_injective`:
  [DecidableEq I]
  [DecidableEq W]
consider restructuring your `variable` declarations so that the variables are not in scope or explicitly omit them:
  omit [DecidableEq I] [DecidableEq W] in theorem ...

Note: This linter can be disabled with `set_option linter.unusedSectionVars false`
warning: Complexity/CookLevinProofs/StreamingForLayout.lean:42:0: automatically included section variable(s) unused in theorem `Complexity.CookLevinProofs.Streaming.forBody_injective`:
  [DecidableEq I]
  [DecidableEq W]
consider restructuring your `variable` declarations so that the variables are not in scope or explicitly omit them:
  omit [DecidableEq I] [DecidableEq W] in theorem ...

Note: This linter can be disabled with `set_option linter.unusedSectionVars false`
warning: Complexity/CookLevinProofs/StreamingForLayout.lean:58:20: This simp argument is unused:
  emitted

Hint: Omit it from the simp argument list.
  [apply] simp [store, forStore]

Note: This linter can be disabled with `set_option linter.unusedSimpArgs false`
warning: Complexity/CookLevinProofs/StreamingForLayout.lean:58:29: This simp argument is unused:
  store

Hint: Omit it from the simp argument list.
  [apply] simp [emitted, forStore]

Note: This linter can be disabled with `set_option linter.unusedSimpArgs false`
warning: Complexity/CookLevinProofs/StreamingForLayout.lean:58:36: This simp argument is unused:
  forStore

Hint: Omit it from the simp argument list.
  [apply] simp [emitted, store]

Note: This linter can be disabled with `set_option linter.unusedSimpArgs false`
warning: Complexity/CookLevinProofs/StreamingForLayout.lean:69:22: This simp argument is unused:
  store

Hint: Omit it from the simp argument list.
  [apply] simp [forStore]

Note: This linter can be disabled with `set_option linter.unusedSimpArgs false`
warning: Complexity/CookLevinProofs/StreamingForLayout.lean:69:29: This simp argument is unused:
  forStore

Hint: Omit it from the simp argument list.
  [apply] simp [store]

Note: This linter can be disabled with `set_option linter.unusedSimpArgs false`
warning: Complexity/CookLevinProofs/StreamingForLayout.lean:80:20: This simp argument is unused:
  emitted

Hint: Omit it from the simp argument list.
  [apply] simp [pack, working, forStore]

Note: This linter can be disabled with `set_option linter.unusedSimpArgs false`
warning: Complexity/CookLevinProofs/StreamingForLayout.lean:80:29: This simp argument is unused:
  pack

Hint: Omit it from the simp argument list.
  [apply] simp [emitted, working, forStore]

Note: This linter can be disabled with `set_option linter.unusedSimpArgs false`
warning: Complexity/CookLevinProofs/StreamingForLayout.lean:80:35: This simp argument is unused:
  working

Hint: Omit it from the simp argument list.
  [apply] simp [emitted, pack, forStore]

Note: This linter can be disabled with `set_option linter.unusedSimpArgs false`
warning: Complexity/CookLevinProofs/StreamingForLayout.lean:80:44: This simp argument is unused:
  forStore

Hint: Omit it from the simp argument list.
  [apply] simp [emitted, pack, working]

Note: This linter can be disabled with `set_option linter.unusedSimpArgs false`
⚠ [3222/3485] Replayed Complexity.CookLevinProofs.StreamingDrop
warning: Complexity/CookLevinProofs/StreamingDrop.lean:43:20: This simp argument is unused:
  dropStore

Hint: Omit it from the simp argument list.
  [apply] simp [store]

Note: This linter can be disabled with `set_option linter.unusedSimpArgs false`
warning: Complexity/CookLevinProofs/StreamingDrop.lean:43:31: This simp argument is unused:
  store

Hint: Omit it from the simp argument list.
  [apply] simp [dropStore]

Note: This linter can be disabled with `set_option linter.unusedSimpArgs false`
warning: Complexity/CookLevinProofs/StreamingDrop.lean:54:20: This simp argument is unused:
  dropStore

Hint: Omit it from the simp argument list.
  [apply] simp

Note: This linter can be disabled with `set_option linter.unusedSimpArgs false`
warning: Complexity/CookLevinProofs/StreamingDrop.lean:68:20: This simp argument is unused:
  dropStore

Hint: Omit it from the simp argument list.
  [apply] simp

Note: This linter can be disabled with `set_option linter.unusedSimpArgs false`
warning: Complexity/CookLevinProofs/StreamingDrop.lean:78:20: This simp argument is unused:
  dropStore

Hint: Omit it from the simp argument list.
  [apply] simp [store]

Note: This linter can be disabled with `set_option linter.unusedSimpArgs false`
warning: Complexity/CookLevinProofs/StreamingDrop.lean:78:31: This simp argument is unused:
  store

Hint: Omit it from the simp argument list.
  [apply] simp [dropStore]

Note: This linter can be disabled with `set_option linter.unusedSimpArgs false`
⚠ [3226/3485] Replayed Complexity.CookLevinProofs.EmitGate
warning: Complexity/CookLevinProofs/EmitGate.lean:45:0: automatically included section variable(s) unused in theorem `Complexity.CookLevinProofs.CNFOutput.templateClauses_value`:
  [DecidableEq K]
consider restructuring your `variable` declarations so that the variables are not in scope or explicitly omit them:
  omit [DecidableEq K] in theorem ...

Note: This linter can be disabled with `set_option linter.unusedSectionVars false`
warning: Complexity/CookLevinProofs/EmitGate.lean:49:0: automatically included section variable(s) unused in theorem `Complexity.CookLevinProofs.CNFOutput.templateClauses_count`:
  [DecidableEq K]
consider restructuring your `variable` declarations so that the variables are not in scope or explicitly omit them:
  omit [DecidableEq K] in theorem ...

Note: This linter can be disabled with `set_option linter.unusedSectionVars false`
warning: Complexity/CookLevinProofs/EmitGate.lean:52:0: automatically included section variable(s) unused in theorem `Complexity.CookLevinProofs.CNFOutput.templateClause_length`:
  [DecidableEq K]
consider restructuring your `variable` declarations so that the variables are not in scope or explicitly omit them:
  omit [DecidableEq K] in theorem ...

Note: This linter can be disabled with `set_option linter.unusedSectionVars false`
⚠ [3227/3485] Replayed Complexity.CookLevinProofs.OutputGates
warning: Complexity/CookLevinProofs/OutputGates.lean:89:39: This simp argument is unused:
  Nat.add_comm

Hint: Omit it from the simp argument list.
  [apply] simp [gatesWord, List.zipIdx_append]

Note: This linter can be disabled with `set_option linter.unusedSimpArgs false`
⚠ [3228/3485] Replayed Complexity.CookLevinProofs.CircuitExpressionLists
warning: Complexity/CookLevinProofs/CircuitExpressionLists.lean:64:49: Used `tac1 <;> tac2` where `(tac1; tac2)` would suffice

Note: This linter can be disabled with `set_option linter.unnecessarySeqFocus false`
warning: Complexity/CookLevinProofs/CircuitExpressionLists.lean:67:49: Used `tac1 <;> tac2` where `(tac1; tac2)` would suffice

Note: This linter can be disabled with `set_option linter.unnecessarySeqFocus false`
⚠ [3232/3485] Replayed Complexity.CookLevinProofs.CircuitAddresses
warning: Complexity/CookLevinProofs/CircuitAddresses.lean:43:4: try 'simp' instead of 'simpa'

Note: This linter can be disabled with `set_option linter.unnecessarySimpa false`
⚠ [3233/3485] Replayed Complexity.CookLevinProofs.ExpressionCode
warning: Complexity/CookLevinProofs/ExpressionCode.lean:68:15: Variable name `a` is not explicitly referenced.

Hint: The binding can be removed (if unused) or named `_` (if used implicitly). Alternatively, prefix the name with `_` to silence this warning:
  [apply] _a

Note: This linter can be disabled with `set_option linter.unusedVariables false`
warning: Complexity/CookLevinProofs/ExpressionCode.lean:69:17: Variable name `a` is not explicitly referenced.

Hint: The binding can be removed (if unused) or named `_` (if used implicitly). Alternatively, prefix the name with `_` to silence this warning:
  [apply] _a

Note: This linter can be disabled with `set_option linter.unusedVariables false`
warning: Complexity/CookLevinProofs/ExpressionCode.lean:69:19: Variable name `start` is not explicitly referenced.

Hint: The binding can be removed (if unused) or named `_` (if used implicitly). Alternatively, prefix the name with `_` to silence this warning:
  [apply] _start

Note: This linter can be disabled with `set_option linter.unusedVariables false`
warning: Complexity/CookLevinProofs/ExpressionCode.lean:70:10: Variable name `a` is not explicitly referenced.

Hint: The binding can be removed (if unused) or named `_` (if used implicitly). Alternatively, prefix the name with `_` to silence this warning:
  [apply] _a

Note: This linter can be disabled with `set_option linter.unusedVariables false`
warning: Complexity/CookLevinProofs/ExpressionCode.lean:70:12: Variable name `start` is not explicitly referenced.

Hint: The binding can be removed (if unused) or named `_` (if used implicitly). Alternatively, prefix the name with `_` to silence this warning:
  [apply] _start

Note: This linter can be disabled with `set_option linter.unusedVariables false`
⚠ [3234/3485] Replayed Complexity.CookLevinProofs.ExpressionOperations
warning: Complexity/CookLevinProofs/ExpressionOperations.lean:54:37: This simp argument is unused:
  Bool.true_eq

Hint: Omit it from the simp argument list.
  [apply] simp only [Bool.false_eq_true, ite_false, ite_true, Code.eval, Expression.eval_run, GateCode.correct,
    GateCode.value, Expression.outputAt_value, Expression.rename, Number.length, Number.add, Number.rename, extend_some,
    extend, Option.elim_none, List.length_replicate, e.cost_correct, f.cost_correct]

Note: This linter can be disabled with `set_option linter.unusedSimpArgs false`
⚠ [3235/3485] Replayed Complexity.CookLevinProofs.CircuitFoldLayout
warning: Complexity/CookLevinProofs/CircuitFoldLayout.lean:32:64: This simp argument is unused:
  Nat.add_assoc

Hint: Omit it from the simp argument list.
  [apply] simp_all [combineGates, Nat.add_comm, Nat.add_left_comm]

Note: This linter can be disabled with `set_option linter.unusedSimpArgs false`
warning: Complexity/CookLevinProofs/CircuitFoldLayout.lean:54:47: This simp argument is unused:
  Bool.true_eq

Hint: Omit it from the simp argument list.
  [apply] simp only [foldExpr, Bool.false_eq_true, ite_false, ite_true] at ih ho ⊢

Note: This linter can be disabled with `set_option linter.unusedSimpArgs false`
warning: Complexity/CookLevinProofs/CircuitFoldLayout.lean:57:8: This simp argument is unused:
  List.append_nil

Hint: Omit it from the simp argument list.
  [apply] simp only [anyExpr, allExpr, compile, ih, ho, compileMany, List.length_append, List.reverse_cons,
    combineGates_append, combineGates, List.length_reverse, compileMany_outputs_length, List.append_assoc,
    List.cons_append, List.singleton_append, foldGate, Bool.false_eq_true, Bool.true_eq, ite_false, ite_true]

Note: This linter can be disabled with `set_option linter.unusedSimpArgs false`
warning: Complexity/CookLevinProofs/CircuitFoldLayout.lean:57:62: This simp argument is unused:
  List.singleton_append

Hint: Omit it from the simp argument list.
  [apply] simp only [anyExpr, allExpr, compile, ih, ho, compileMany, List.length_append, List.reverse_cons,
    combineGates_append, combineGates, List.length_reverse, compileMany_outputs_length, List.append_nil,
    List.append_assoc, List.cons_append, foldGate, Bool.false_eq_true, Bool.true_eq, ite_false, ite_true]

Note: This linter can be disabled with `set_option linter.unusedSimpArgs false`
warning: Complexity/CookLevinProofs/CircuitFoldLayout.lean:58:28: This simp argument is unused:
  Bool.true_eq

Hint: Omit it from the simp argument list.
  [apply] simp only [anyExpr, allExpr, compile, ih, ho, compileMany, List.length_append, List.reverse_cons,
    combineGates_append, combineGates, List.length_reverse, compileMany_outputs_length, List.append_nil,
    List.append_assoc, List.cons_append, List.singleton_append, foldGate, Bool.false_eq_true, ite_false, ite_true]

Note: This linter can be disabled with `set_option linter.unusedSimpArgs false`
⚠ [3237/3485] Replayed Complexity.CookLevinProofs.FoldGateStream
warning: Complexity/CookLevinProofs/FoldGateStream.lean:49:2: try 'simp' instead of 'simpa'

Note: This linter can be disabled with `set_option linter.unnecessarySimpa false`
⚠ [3238/3485] Replayed Complexity.CookLevinProofs.ExpressionFold
warning: Complexity/CookLevinProofs/ExpressionFold.lean:42:45: This simp argument is unused:
  Bool.true_eq

Hint: Omit it from the simp argument list.
  [apply] simp only [foldCode, Bool.false_eq_true, ite_false, ite_true, code_append_eval, Code.eval_loop,
    Expression.eval_run, GateCode.correct, GateCode.value, Number.add, Number.sub, Number.mul, Number.constant,
    Number.length, Number.rename, Test.constant, extend_some, extend, Option.elim_none, List.length_replicate, foldGate]

Note: This linter can be disabled with `set_option linter.unusedSimpArgs false`
⚠ [3239/3485] Replayed Complexity.ArcKaylesProofs.VariableFoldLayout
warning: Complexity/ArcKaylesProofs/VariableFoldLayout.lean:82:2: Unused tactic linter: `change _ = _` does nothing

Note: This linter can be disabled with `set_option linter.unusedTactic false`
⚠ [3240/3485] Replayed Complexity.ArcKaylesProofs.VariableFoldCode
warning: Complexity/ArcKaylesProofs/VariableFoldCode.lean:71:53: This simp argument is unused:
  Bool.true_eq

Hint: Omit it from the simp argument list.
  [apply] simp only [variableFoldCode, Bool.false_eq_true, ite_false, ite_true, code_append_eval, Code.eval_loop,
    Expression.eval_run, GateCode.correct, GateCode.value, termCost_value, indexedOutput_value, Expression.rename,
    Number.add, Number.sub, Number.constant, Number.length, Number.rename, Test.constant, extend_some, extend_skip,
    extend, Option.elim_none, List.length_replicate, foldGate]

Note: This linter can be disabled with `set_option linter.unusedSimpArgs false`
warning: Complexity/ArcKaylesProofs/VariableFoldCode.lean:89:73: This simp argument is unused:
  extend_some

Hint: Omit it from the simp argument list.
  [apply] simp only [Number.add, Number.length, Number.rename, termCost_value, extend, Option.elim_none,
    Option.elim_some, List.length_replicate, List.map_map, Function.comp_def, List.length_map, List.length_range,
    prefixCost]

Note: This linter can be disabled with `set_option linter.unusedSimpArgs false`
⚠ [3241/3485] Replayed Complexity.ArcKaylesProofs.UniformExpressions
warning: Complexity/ArcKaylesProofs/UniformExpressions.lean:79:31: This simp argument is unused:
  Bool.true_eq

Hint: Omit it from the simp argument list.
  [apply] simp only [iffExpression, Expression.conj, Expression.disj, Expression.binary, Expression.neg, Expr.eval,
    Bool.false_eq_true, ↓reduceIte]

Note: This linter can be disabled with `set_option linter.unusedSimpArgs false`
warning: Complexity/ArcKaylesProofs/UniformExpressions.lean:95:12: Variable name `a` is not explicitly referenced.

Hint: The binding can be removed (if unused) or named `_` (if used implicitly). Alternatively, prefix the name with `_` to silence this warning:
  [apply] _a

Note: This linter can be disabled with `set_option linter.unusedVariables false`
warning: Complexity/ArcKaylesProofs/UniformExpressions.lean:108:4: This simp argument is unused:
  Bool.true_eq

Hint: Omit it from the simp argument list.
  [apply] simp only [fixedFold_false_eval, Finset.mem_toList, Finset.mem_univ, true_and, Expression.conj,
    Expression.binary, Expr.eval, ↓reduceIte, Expression.constant, Test.constant, Bool.and_eq_true, decide_eq_true_eq,
    fixedFold_true_eval, List.mem_finRange, forall_const, iffExpression_eval, Expression.wire]

Note: This linter can be disabled with `set_option linter.unusedSimpArgs false`
warning: Complexity/ArcKaylesProofs/UniformExpressions.lean:127:67: This simp argument is unused:
  Bool.true_eq

Hint: Omit it from the simp argument list.
  [apply] simp only [fixedFold_false_eval, Finset.mem_toList, Finset.mem_univ, true_and, Expression.conj,
    Expression.binary, ↓reduceIte, Expr.eval, Expression.constant, Test.constant, Bool.and_eq_true, decide_eq_true_eq,
    s.correct, t.correct, Set.mem_singleton_iff]

Note: This linter can be disabled with `set_option linter.unusedSimpArgs false`
⚠ [3242/3485] Replayed Complexity.ArcKaylesProofs.UniformPatterns
warning: Complexity/ArcKaylesProofs/UniformPatterns.lean:32:29: This simp argument is unused:
  Nat.add_assoc

Hint: Omit it from the simp argument list.
  [apply] simp [slice, Nat.add_comm, Nat.add_left_comm]

Note: This linter can be disabled with `set_option linter.unusedSimpArgs false`
warning: Complexity/ArcKaylesProofs/UniformPatterns.lean:40:42: This simp argument is unused:
  Nat.add_assoc

Hint: Omit it from the simp argument list.
  [apply] simp [slice, Nat.add_comm, Nat.add_left_comm]

Note: This linter can be disabled with `set_option linter.unusedSimpArgs false`
warning: Complexity/ArcKaylesProofs/UniformPatterns.lean:62:37: This simp argument is unused:
  Bool.true_eq

Hint: Omit it from the simp argument list.
  [apply] simp only [variableFold, foldExpr, ↓reduceIte, allExpr_eval, List.all_map, List.all_eq_true, List.mem_range,
    Function.comp_def]

Note: This linter can be disabled with `set_option linter.unusedSimpArgs false`
warning: Complexity/ArcKaylesProofs/UniformPatterns.lean:108:46: This simp argument is unused:
  Bool.true_eq

Hint: Omit it from the simp argument list.
  [apply] simp only [patternExpression, Expression.choose, Test.lt, hlt, decide_true, ↓reduceIte, Expression.conj,
    Expression.binary, Expr.eval, Bool.and_eq_true, UniformSymbol.correct, UniformSymbol.at, ih, Number.add,
    Number.constant, Matches, List.cons.injEq, exists_eq_left]

Note: This linter can be disabled with `set_option linter.unusedSimpArgs false`
warning: Complexity/ArcKaylesProofs/UniformPatterns.lean:109:10: This simp argument is unused:
  UniformSymbol.correct

Hint: Omit it from the simp argument list.
  [apply] simp only [patternExpression, Expression.choose, Test.lt, hlt, decide_true, ↓reduceIte, Expression.conj,
    Expression.binary, Bool.true_eq, Expr.eval, Bool.and_eq_true, UniformSymbol.at, ih, Number.add, Number.constant,
    Matches, List.cons.injEq, exists_eq_left]

Note: This linter can be disabled with `set_option linter.unusedSimpArgs false`
warning: Complexity/ArcKaylesProofs/UniformPatterns.lean:110:27: This simp argument is unused:
  exists_eq_left

Hint: Omit it from the simp argument list.
  [apply] simp only [patternExpression, Expression.choose, Test.lt, hlt, decide_true, ↓reduceIte, Expression.conj,
    Expression.binary, Bool.true_eq, Expr.eval, Bool.and_eq_true, UniformSymbol.correct, UniformSymbol.at, ih,
    Number.add, Number.constant, Matches, List.cons.injEq]

Note: This linter can be disabled with `set_option linter.unusedSimpArgs false`
warning: Complexity/ArcKaylesProofs/UniformPatterns.lean:118:8: This simp argument is unused:
  Bool.true_eq

Hint: Omit it from the simp argument list.
  [apply] simp only [patternExpression, variableFold_false_eval, Expression.conj, Expression.binary, ↓reduceIte,
    Expr.eval, Bool.and_eq_true, segmentExpression_correct, ih, Number.add, Number.sub, Number.constant, Number.rename,
    Number.length, UniformSymbol.rename, extend_some, extend_skip, extend, Option.elim_none, List.length_replicate]

Note: This linter can be disabled with `set_option linter.unusedSimpArgs false`
⚠ [3244/3485] Replayed Complexity.ArcKaylesProofs.DigitTable
warning: Complexity/ArcKaylesProofs/DigitTable.lean:52:27: This simp argument is unused:
  List.flatMap_map

Hint: Omit it from the simp argument list.
  [apply] simp only [digitRowCode, Code.eval_loop, Test.correct, Test.eq_value, Number.digit_value, Number.rename,
    Number.length, Number.constant, extend_some, extend, Option.elim_none, List.length_replicate, List.flatMap_cons,
    List.flatMap_nil, List.append_nil, ← List.map_eq_flatMap]

Note: This linter can be disabled with `set_option linter.unusedSimpArgs false`
warning: Complexity/ArcKaylesProofs/DigitTable.lean:52:45: This simp argument is unused:
  List.flatMap_cons

Hint: Omit it from the simp argument list.
  [apply] simp only [digitRowCode, Code.eval_loop, Test.correct, Test.eq_value, Number.digit_value, Number.rename,
    Number.length, Number.constant, extend_some, extend, Option.elim_none, List.length_replicate, List.flatMap_map,
    List.flatMap_nil, List.append_nil, ← List.map_eq_flatMap]

Note: This linter can be disabled with `set_option linter.unusedSimpArgs false`
warning: Complexity/ArcKaylesProofs/DigitTable.lean:52:64: This simp argument is unused:
  List.flatMap_nil

Hint: Omit it from the simp argument list.
  [apply] simp only [digitRowCode, Code.eval_loop, Test.correct, Test.eq_value, Number.digit_value, Number.rename,
    Number.length, Number.constant, extend_some, extend, Option.elim_none, List.length_replicate, List.flatMap_map,
    List.flatMap_cons, List.append_nil, ← List.map_eq_flatMap]

Note: This linter can be disabled with `set_option linter.unusedSimpArgs false`
warning: Complexity/ArcKaylesProofs/DigitTable.lean:53:4: This simp argument is unused:
  List.append_nil

Hint: Omit it from the simp argument list.
  [apply] simp only [digitRowCode, Code.eval_loop, Test.correct, Test.eq_value, Number.digit_value, Number.rename,
    Number.length, Number.constant, extend_some, extend, Option.elim_none, List.length_replicate, List.flatMap_map,
    List.flatMap_cons, List.flatMap_nil, ← List.map_eq_flatMap]

Note: This linter can be disabled with `set_option linter.unusedSimpArgs false`
warning: Complexity/ArcKaylesProofs/DigitTable.lean:71:31: This simp argument is unused:
  Function.comp_def

Hint: Omit it from the simp argument list.
  [apply] simp only [List.flatMap_map, binaryWord_clauseBits]

Note: This linter can be disabled with `set_option linter.unusedSimpArgs false`
warning: Complexity/ArcKaylesProofs/DigitTable.lean:77:15: try 'simp' instead of 'simpa'

Note: This linter can be disabled with `set_option linter.unnecessarySimpa false`
⚠ [3245/3485] Replayed Complexity.ArcKaylesProofs.UniformConfigurationSymbols
warning: Complexity/ArcKaylesProofs/UniformConfigurationSymbols.lean:41:62: This simp argument is unused:
  Nat.add_left_comm

Hint: Omit it from the simp argument list.
  [apply] simp [slice, List.drop_drop, Nat.add_mul, Nat.add_comm]

Note: This linter can be disabled with `set_option linter.unusedSimpArgs false`
⚠ [3246/3485] Replayed Complexity.ArcKaylesProofs.UniformPrefix
warning: Complexity/ArcKaylesProofs/UniformPrefix.lean:60:62: This simp argument is unused:
  Bool.true_eq

Hint: Omit it from the simp argument list.
  [apply] simp only [prefixCheck, Expression.conj, Expression.binary, ↓reduceIte, Expr.eval, Expression.constant,
    Test.not, Test.lt, Bool.and_eq_true, Bool.not_eq_true', decide_eq_false_iff_not, not_lt, variableFold_true_eval,
    hlen, Nat.zero_add]

Note: This linter can be disabled with `set_option linter.unusedSimpArgs false`
⚠ [3247/3485] Replayed Complexity.ArcKaylesProofs.UniformInput
warning: Complexity/ArcKaylesProofs/UniformInput.lean:40:78: This simp argument is unused:
  ↓reduceIte

Hint: Omit it from the simp argument list.
  [apply] simp only [Nat.add_eq_zero_iff, Nat.one_ne_zero, and_false, decide_false, Nat.add_sub_cancel, readInput]

Note: This linter can be disabled with `set_option linter.unusedSimpArgs false`
warning: Complexity/ArcKaylesProofs/UniformInput.lean:45:44: This simp argument is unused:
  hb

Hint: Omit it from the simp argument list.
  [apply] simp [hj, head.correct]

Note: This linter can be disabled with `set_option linter.unusedSimpArgs false`
warning: Complexity/ArcKaylesProofs/UniformInput.lean:47:16: This simp argument is unused:
  he

Hint: Omit it from the simp argument list.
  [apply] simp [hj, head.correct]

Note: This linter can be disabled with `set_option linter.unusedSimpArgs false`
warning: Complexity/ArcKaylesProofs/UniformInput.lean:82:8: This simp argument is unused:
  hzero

Hint: Omit it from the simp argument list.
  [apply] simp only [inputPositionExpression, Expression.choose, Test.eq_value, Number.constant, decide_false,
    ↓reduceIte, Number.add, hsplit, decide_true, symbol.correct, inputPrefix_get_split]

Note: This linter can be disabled with `set_option linter.unusedSimpArgs false`
warning: Complexity/ArcKaylesProofs/UniformInput.lean:82:15: This simp argument is unused:
  decide_false

Hint: Omit it from the simp argument list.
  [apply] simp only [inputPositionExpression, Expression.choose, Test.eq_value, Number.constant, hzero, ↓reduceIte,
    Number.add, hsplit, decide_true, symbol.correct, inputPrefix_get_split]

Note: This linter can be disabled with `set_option linter.unusedSimpArgs false`
warning: Complexity/ArcKaylesProofs/UniformInput.lean:82:74: This simp argument is unused:
  symbol.correct

Hint: Omit it from the simp argument list.
  [apply] simp only [inputPositionExpression, Expression.choose, Test.eq_value, Number.constant, hzero, decide_false,
    ↓reduceIte, Number.add, hsplit, decide_true, inputPrefix_get_split]

Note: This linter can be disabled with `set_option linter.unusedSimpArgs false`
warning: Complexity/ArcKaylesProofs/UniformInput.lean:92:8: This simp argument is unused:
  hzero

Hint: Omit it from the simp argument list.
  [apply] simp only [inputPositionExpression, Expression.choose, Test.eq_value, Number.constant, decide_false,
    ↓reduceIte, Number.add, hsplit, Test.input, Number.mul, Number.sub, hj, Nat.add_sub_cancel, hget, Option.getD_some,
    inputPrefix_get_bit M _ _ _ _ hjk, binaryWord_get _ _ ⟨j, hjk⟩]

Note: This linter can be disabled with `set_option linter.unusedSimpArgs false`
warning: Complexity/ArcKaylesProofs/UniformInput.lean:92:15: This simp argument is unused:
  decide_false

Hint: Omit it from the simp argument list.
  [apply] simp only [inputPositionExpression, Expression.choose, Test.eq_value, Number.constant, hzero, ↓reduceIte,
    Number.add, hsplit, Test.input, Number.mul, Number.sub, hj, Nat.add_sub_cancel, hget, Option.getD_some,
    inputPrefix_get_bit M _ _ _ _ hjk, binaryWord_get _ _ ⟨j, hjk⟩]

Note: This linter can be disabled with `set_option linter.unusedSimpArgs false`
warning: Complexity/ArcKaylesProofs/UniformInput.lean:92:29: This simp argument is unused:
  ↓reduceIte

Hint: Omit it from the simp argument list.
  [apply] simp only [inputPositionExpression, Expression.choose, Test.eq_value, Number.constant, hzero, decide_false,
    Number.add, hsplit, Test.input, Number.mul, Number.sub, hj, Nat.add_sub_cancel, hget, Option.getD_some,
    inputPrefix_get_bit M _ _ _ _ hjk, binaryWord_get _ _ ⟨j, hjk⟩]

Note: This linter can be disabled with `set_option linter.unusedSimpArgs false`
warning: Complexity/ArcKaylesProofs/UniformInput.lean:92:53: This simp argument is unused:
  hsplit

Hint: Omit it from the simp argument list.
  [apply] simp only [inputPositionExpression, Expression.choose, Test.eq_value, Number.constant, hzero, decide_false,
    ↓reduceIte, Number.add, Test.input, Number.mul, Number.sub, hj, Nat.add_sub_cancel, hget, Option.getD_some,
    inputPrefix_get_bit M _ _ _ _ hjk, binaryWord_get _ _ ⟨j, hjk⟩]

Note: This linter can be disabled with `set_option linter.unusedSimpArgs false`
warning: Complexity/ArcKaylesProofs/UniformInput.lean:95:62: This simp argument is unused:
  hb

Hint: Omit it from the simp argument list.
  [apply] simp [symbol.correct, Nat.ne_of_lt hjk]

Note: This linter can be disabled with `set_option linter.unusedSimpArgs false`
⚠ [3248/3485] Replayed Complexity.ArcKaylesProofs.UniformValidation
warning: Complexity/ArcKaylesProofs/UniformValidation.lean:30:13: This simp argument is unused:
  List.map_cons

Hint: Omit it from the simp argument list.
  [apply] simp only [List.map_nil, List.cons_append, List.nil_append, matches_one_single, matches_star, Set.mem_univ,
    implies_true, and_true]

Note: This linter can be disabled with `set_option linter.unusedSimpArgs false`
warning: Complexity/ArcKaylesProofs/UniformValidation.lean:30:28: This simp argument is unused:
  List.map_nil

Hint: Omit it from the simp argument list.
  [apply] simp only [List.map_cons, List.cons_append, List.nil_append, matches_one_single, matches_star, Set.mem_univ,
    implies_true, and_true]

Note: This linter can be disabled with `set_option linter.unusedSimpArgs false`
warning: Complexity/ArcKaylesProofs/UniformValidation.lean:30:42: This simp argument is unused:
  List.cons_append

Hint: Omit it from the simp argument list.
  [apply] simp only [List.map_cons, List.map_nil, List.nil_append, matches_one_single, matches_star, Set.mem_univ,
    implies_true, and_true]

Note: This linter can be disabled with `set_option linter.unusedSimpArgs false`
warning: Complexity/ArcKaylesProofs/UniformValidation.lean:62:40: This simp argument is unused:
  Number.constant

Hint: Omit it from the simp argument list.
  [apply] simp only [Number.add, Number.length]

Note: This linter can be disabled with `set_option linter.unusedSimpArgs false`
warning: Complexity/ArcKaylesProofs/UniformValidation.lean:101:71: This simp argument is unused:
  Bool.true_eq

Hint: Omit it from the simp argument list.
  [apply] simp only [transitionExpression, Expression.conj, Expression.binary, ↓reduceIte, Expr.eval, Bool.and_eq_true,
    fixedFold_false_eval, patternExpression_correct, Number.constant, Nat.sub_zero, pairedArray_word,
    validationExpression_correct _ _ _ _ _ _ _ _ ht, codedArray_word]

Note: This linter can be disabled with `set_option linter.unusedSimpArgs false`
⚠ [3249/3485] Replayed Complexity.ArcKaylesProofs.NumericQuantifiers
warning: Complexity/ArcKaylesProofs/NumericQuantifiers.lean:74:57: This simp argument is unused:
  Bool.true_eq

Hint: Omit it from the simp argument list.
  [apply] simp only [quantify, Bool.false_eq_true, ↓reduceIte]

Note: This linter can be disabled with `set_option linter.unusedSimpArgs false`
⚠ [3250/3485] Replayed Complexity.ArcKaylesProofs.NumericReachability
warning: Complexity/ArcKaylesProofs/NumericReachability.lean:125:24: This simp argument is unused:
  Bool.true_eq

Hint: Omit it from the simp argument list.
  [apply] simp only [roundPrefix, List.cons_append, List.nil_append, Prefix.Truth, quantify, Bool.false_eq_true,
    ↓reduceIte]

Note: This linter can be disabled with `set_option linter.unusedSimpArgs false`
⚠ [3251/3485] Replayed Complexity.ArcKaylesProofs.NumericReachLayout
warning: Complexity/ArcKaylesProofs/NumericReachLayout.lean:52:29: This simp argument is unused:
  Nat.add_assoc

Hint: Omit it from the simp argument list.
  [apply] simp only [Nat.add_zero, Nat.add_left_comm, Nat.add_comm, and_assoc]

Note: This linter can be disabled with `set_option linter.unusedSimpArgs false`
⚠ [3252/3485] Replayed Complexity.ArcKaylesProofs.ReachabilityCircuit
warning: Complexity/ArcKaylesProofs/ReachabilityCircuit.lean:39:4: This simp argument is unused:
  Bool.true_eq

Hint: Omit it from the simp argument list.
  [apply] simp only [muxExpression, Expression.conj, Expression.disj, Expression.binary, Expression.neg,
    Bool.false_eq_true, ↓reduceIte, Expr.eval]

Note: This linter can be disabled with `set_option linter.unusedSimpArgs false`
warning: Complexity/ArcKaylesProofs/ReachabilityCircuit.lean:70:68: This simp argument is unused:
  Bool.true_eq

Hint: Omit it from the simp argument list.
  [apply] simp only [alignedExpression, Expression.conj, Expression.binary, ↓reduceIte, Expr.eval, Bool.and_eq_true,
    vectorEqExpression_eval, readExpression_value, Quantified.NumericReach.aligned]

Note: This linter can be disabled with `set_option linter.unusedSimpArgs false`
warning: Complexity/ArcKaylesProofs/ReachabilityCircuit.lean:138:4: This simp argument is unused:
  Bool.true_eq

Hint: Omit it from the simp argument list.
  [apply] simp only [matrixExpression, Expression.conj, Expression.disj, Expression.binary, Bool.false_eq_true,
    ↓reduceIte, Expr.eval, Bool.and_eq_true, Bool.or_eq_true, variableFold_true_eval, stageExpression_eval,
    vectorEqExpression_eval, endpointExpression_value, he, Number.rename, Number.length, extend_some, extend,
    Option.elim_none, List.length_replicate, Quantified.NumericReach.matrixCondition]

Note: This linter can be disabled with `set_option linter.unusedSimpArgs false`
⚠ [3253/3485] Replayed Complexity.ArcKaylesProofs.MachineCircuit
warning: Complexity/ArcKaylesProofs/MachineCircuit.lean:92:2: Unused tactic linter: `change
  search (Quantified.ConfigurationGraph.graph M (a input) (k.value a) (count.value a))
        (FiniteCoding.width (Payload M) * count.value a) (EncodedGraph.first _) (EncodedGraph.last _) =
      true ↔
    _` does nothing

Note: This linter can be disabled with `set_option linter.unusedTactic false`
⚠ [3254/3485] Replayed Complexity.ArcKaylesProofs.UniformBounds
warning: Complexity/ArcKaylesProofs/UniformBounds.lean:112:84: This simp argument is unused:
  ↓reduceIte

Hint: Omit it from the simp argument list.
  [apply] simp only [patternExpression, Expression.choose, Test.lt, hl, decide_false]

Note: This linter can be disabled with `set_option linter.unusedSimpArgs false`
⚠ [3256/3485] Replayed Complexity.ArcKaylesProofs.ReachabilityBounds
warning: Complexity/ArcKaylesProofs/ReachabilityBounds.lean:50:56: This simp argument is unused:
  ↓reduceIte

Hint: Omit it from the simp argument list.
  [apply] simp only [endpointExpression, Expression.choose, Test.rename, Test.eq_value, Number.constant, extend_some,
    hz, decide_false]

Note: This linter can be disabled with `set_option linter.unusedSimpArgs false`
warning: Complexity/ArcKaylesProofs/ReachabilityBounds.lean:53:39: This simp argument is unused:
  Bool.true_eq

Hint: Omit it from the simp argument list.
  [apply] simp only [Bool.false_eq_true, ↓reduceIte, leftNumber, rightNumber, widthNumber, Number.add, Number.mul,
    Number.sub, Number.constant]

Note: This linter can be disabled with `set_option linter.unusedSimpArgs false`
warning: Complexity/ArcKaylesProofs/ReachabilityBounds.lean:138:27: This simp argument is unused:
  Bool.true_eq

Hint: Omit it from the simp argument list.
  [apply] simp only [lastNumber, Bool.false_eq_true, ↓reduceIte, leftNumber, rightNumber, widthNumber, Number.add,
    Number.mul, Number.sub, Number.constant, Quantified.NumericReach.width]

Note: This linter can be disabled with `set_option linter.unusedSimpArgs false`
warning: Complexity/ArcKaylesProofs/ReachabilityBounds.lean:140:4: Unused tactic linter: `change _ ≤ (bitNumber M count).value a * (3 * (bitNumber M count).value a + 1)` does nothing

Note: This linter can be disabled with `set_option linter.unusedTactic false`
⚠ [3258/3485] Replayed Complexity.ArcKaylesProofs.CNFTraversal
warning: Complexity/ArcKaylesProofs/CNFTraversal.lean:31:52: This simp argument is unused:
  Bool.true_eq

Hint: Omit it from the simp argument list.
  [apply] simp only [encodeClause, encodeList, List.cons_append, List.append_assoc, literalStep, List.head?_cons,
    Option.getD_some, ↓reduceIte, List.drop_succ_cons, List.drop_zero, encodeLiteral, encodeNat]

Note: This linter can be disabled with `set_option linter.unusedSimpArgs false`
warning: Complexity/ArcKaylesProofs/CNFTraversal.lean:33:8: This simp argument is unused:
  takeWhile_unary_prefix

Hint: Omit it from the simp argument list.
  [apply] simp [List.drop_append, Nat.add_assoc]

Note: This linter can be disabled with `set_option linter.unusedSimpArgs false`
warning: Complexity/ArcKaylesProofs/CNFTraversal.lean:33:50: This simp argument is unused:
  Nat.add_assoc

Hint: Omit it from the simp argument list.
  [apply] simp [takeWhile_unary_prefix, List.drop_append]

Note: This linter can be disabled with `set_option linter.unusedSimpArgs false`
⚠ [3260/3485] Replayed Complexity.ArcKaylesProofs.ListTraversal
warning: Complexity/ArcKaylesProofs/ListTraversal.lean:27:40: This simp argument is unused:
  Function.comp_def

Hint: Omit it from the simp argument list.
  [apply] simp only [List.drop_zero, hcons, List.drop_succ_cons, List.flatMap_cons]

Note: This linter can be disabled with `set_option linter.unusedSimpArgs false`
⚠ [3261/3485] Replayed Complexity.ArcKaylesProofs.CNFLiteralCode
warning: Complexity/ArcKaylesProofs/CNFLiteralCode.lean:25:10: Variable name `a` is not explicitly referenced.

Hint: The binding can be removed (if unused) or named `_` (if used implicitly). Alternatively, prefix the name with `_` to silence this warning:
  [apply] _a

Note: This linter can be disabled with `set_option linter.unusedVariables false`
warning: Complexity/ArcKaylesProofs/CNFLiteralCode.lean:35:79: This simp argument is unused:
  takeWhile_unary_prefix

Hint: Omit it from the simp argument list.
  [apply] simp [encodeClause, encodeList, encodeLiteral, encodeNat, List.append_assoc]

Note: This linter can be disabled with `set_option linter.unusedSimpArgs false`
warning: Complexity/ArcKaylesProofs/CNFLiteralCode.lean:40:4: This simp argument is unused:
  List.getElem?_append_right

Hint: Omit it from the simp argument list.
  [apply] simp [encodeClause, encodeList, encodeLiteral, encodeNat, List.append_assoc, List.getElem?_replicate]

Note: This linter can be disabled with `set_option linter.unusedSimpArgs false`
warning: Complexity/ArcKaylesProofs/CNFLiteralCode.lean:40:32: This simp argument is unused:
  List.getElem?_replicate

Hint: Omit it from the simp argument list.
  [apply] simp [encodeClause, encodeList, encodeLiteral, encodeNat, List.append_assoc, List.getElem?_append_right]

Note: This linter can be disabled with `set_option linter.unusedSimpArgs false`
⚠ [3263/3485] Replayed Complexity.ArcKaylesProofs.CNFMatrixCode
warning: Complexity/ArcKaylesProofs/CNFMatrixCode.lean:89:4: This simp argument is unused:
  List.singleton_append

Hint: Omit it from the simp argument list.
  [apply] simp only [Byskov.signedWord, Byskov.matrixFormula, Quantified.signedFormula,
    Complexity.ArcKayles.Encoding.formulaWord, List.length_map, List.flatMap_map, matrixClause, List.append_assoc,
    Number.mul, Number.constant, Number.length, List.cons_append, List.nil_append, clauseBits]

Note: This linter can be disabled with `set_option linter.unusedSimpArgs false`
⚠ [3283/3485] Replayed Complexity.ClassesProofs.FiniteAlphabet
warning: Complexity/ClassesProofs/FiniteAlphabet.lean:137:2: Try this: 
  letI̵

The goal is a proposition, so `let` is preferred over `letI`.
The difference between `let` and `letI` is that `letI` inlines the value.
But this is not relevant for proofs because of proof irrelevance.

Note: This linter can be disabled with `set_option linter.style.haveILetI false`
warning: Complexity/ClassesProofs/FiniteAlphabet.lean:138:2: Try this: 
  letI̵

The goal is a proposition, so `let` is preferred over `letI`.
The difference between `let` and `letI` is that `letI` inlines the value.
But this is not relevant for proofs because of proof irrelevance.

Note: This linter can be disabled with `set_option linter.style.haveILetI false`
warning: Complexity/ClassesProofs/FiniteAlphabet.lean:139:2: Try this: 
  letI̵

The goal is a proposition, so `let` is preferred over `letI`.
The difference between `let` and `letI` is that `letI` inlines the value.
But this is not relevant for proofs because of proof irrelevance.

Note: This linter can be disabled with `set_option linter.style.haveILetI false`
warning: Complexity/ClassesProofs/FiniteAlphabet.lean:223:2: Try this: 
  letI̵

The goal is a proposition, so `let` is preferred over `letI`.
The difference between `let` and `letI` is that `letI` inlines the value.
But this is not relevant for proofs because of proof irrelevance.

Note: This linter can be disabled with `set_option linter.style.haveILetI false`
⚠ [3284/3485] Replayed Complexity.ClassesProofs.StackTime
warning: Complexity/ClassesProofs/StackTime.lean:220:2: Try this: 
  letI̵

The goal is a proposition, so `let` is preferred over `letI`.
The difference between `let` and `letI` is that `letI` inlines the value.
But this is not relevant for proofs because of proof irrelevance.

Note: This linter can be disabled with `set_option linter.style.haveILetI false`
⚠ [3288/3485] Replayed Complexity.ClassesProofs.TapeOutput
warning: Complexity/ClassesProofs/TapeOutput.lean:101:2: Try this: 
  letI̵

The goal is a proposition, so `let` is preferred over `letI`.
The difference between `let` and `letI` is that `letI` inlines the value.
But this is not relevant for proofs because of proof irrelevance.

Note: This linter can be disabled with `set_option linter.style.haveILetI false`
⚠ [3289/3485] Replayed Complexity.ClassesProofs.StackToTape
warning: Complexity/ClassesProofs/StackToTape.lean:32:2: Try this: 
  letI̵

The goal is a proposition, so `let` is preferred over `letI`.
The difference between `let` and `letI` is that `letI` inlines the value.
But this is not relevant for proofs because of proof irrelevance.

Note: This linter can be disabled with `set_option linter.style.haveILetI false`
warning: Complexity/ClassesProofs/StackToTape.lean:57:2: Try this: 
  letI̵

The goal is a proposition, so `let` is preferred over `letI`.
The difference between `let` and `letI` is that `letI` inlines the value.
But this is not relevant for proofs because of proof irrelevance.

Note: This linter can be disabled with `set_option linter.style.haveILetI false`
warning: Complexity/ClassesProofs/StackToTape.lean:58:2: Try this: 
  letI̵

The goal is a proposition, so `let` is preferred over `letI`.
The difference between `let` and `letI` is that `letI` inlines the value.
But this is not relevant for proofs because of proof irrelevance.

Note: This linter can be disabled with `set_option linter.style.haveILetI false`
warning: Complexity/ClassesProofs/StackToTape.lean:59:2: Try this: 
  letI̵

The goal is a proposition, so `let` is preferred over `letI`.
The difference between `let` and `letI` is that `letI` inlines the value.
But this is not relevant for proofs because of proof irrelevance.

Note: This linter can be disabled with `set_option linter.style.haveILetI false`
warning: Complexity/ClassesProofs/StackToTape.lean:60:2: Try this: 
  letI̵

The goal is a proposition, so `let` is preferred over `letI`.
The difference between `let` and `letI` is that `letI` inlines the value.
But this is not relevant for proofs because of proof irrelevance.

Note: This linter can be disabled with `set_option linter.style.haveILetI false`
warning: Complexity/ClassesProofs/StackToTape.lean:61:2: Try this: 
  letI̵

The goal is a proposition, so `let` is preferred over `letI`.
The difference between `let` and `letI` is that `letI` inlines the value.
But this is not relevant for proofs because of proof irrelevance.

Note: This linter can be disabled with `set_option linter.style.haveILetI false`
warning: Complexity/ClassesProofs/StackToTape.lean:69:2: Try this: 
  letI̵

The goal is a proposition, so `let` is preferred over `letI`.
The difference between `let` and `letI` is that `letI` inlines the value.
But this is not relevant for proofs because of proof irrelevance.

Note: This linter can be disabled with `set_option linter.style.haveILetI false`
⚠ [3290/3485] Replayed Complexity.ClassesProofs.TapeToStack
warning: Complexity/ClassesProofs/TapeToStack.lean:126:2: Unused tactic linter: `congr 2` does nothing

Note: This linter can be disabled with `set_option linter.unusedTactic false`
warning: Complexity/ClassesProofs/TapeToStack.lean:135:2: Unused tactic linter: `congr 2` does nothing

Note: This linter can be disabled with `set_option linter.unusedTactic false`
warning: Complexity/ClassesProofs/TapeToStack.lean:191:2: Unused tactic linter: `congr 2` does nothing

Note: This linter can be disabled with `set_option linter.unusedTactic false`
warning: Complexity/ClassesProofs/TapeToStack.lean:217:2: Unused tactic linter: `congr 2` does nothing

Note: This linter can be disabled with `set_option linter.unusedTactic false`
warning: Complexity/ClassesProofs/TapeToStack.lean:238:2: Unused tactic linter: `congr 2` does nothing

Note: This linter can be disabled with `set_option linter.unusedTactic false`
warning: Complexity/ClassesProofs/TapeToStack.lean:275:2: Unused tactic linter: `congr 2` does nothing

Note: This linter can be disabled with `set_option linter.unusedTactic false`
warning: Complexity/ClassesProofs/TapeToStack.lean:294:2: Unused tactic linter: `congr 2` does nothing

Note: This linter can be disabled with `set_option linter.unusedTactic false`
warning: Complexity/ClassesProofs/TapeToStack.lean:302:2: Unused tactic linter: `congr 2` does nothing

Note: This linter can be disabled with `set_option linter.unusedTactic false`
⚠ [3294/3485] Replayed Complexity.ClassesProofs.BasicProperties
warning: Complexity/ClassesProofs/BasicProperties.lean:95:17: `Set.mem_setOf_eq` has been deprecated: Use `Set.mem_ofPred_eq` instead
⚠ [3295/3485] Replayed Complexity.ClassesProofs.CertificateProjection
warning: Complexity/ClassesProofs/CertificateProjection.lean:75:4: Unused tactic linter: `funext k` does nothing

Note: This linter can be disabled with `set_option linter.unusedTactic false`
warning: Complexity/ClassesProofs/CertificateProjection.lean:75:17: Unused tactic linter: `cases k` does nothing

Note: This linter can be disabled with `set_option linter.unusedTactic false`
warning: Complexity/ClassesProofs/CertificateProjection.lean:75:29: Unused tactic linter: `rfl` does nothing

Note: This linter can be disabled with `set_option linter.unusedTactic false`
warning: Complexity/ClassesProofs/CertificateProjection.lean:75:4: this tactic is never executed

Note: This linter can be disabled with `set_option linter.unreachableTactic false`
warning: Complexity/ClassesProofs/CertificateProjection.lean:75:17: this tactic is never executed

Note: This linter can be disabled with `set_option linter.unreachableTactic false`
warning: Complexity/ClassesProofs/CertificateProjection.lean:75:29: this tactic is never executed

Note: This linter can be disabled with `set_option linter.unreachableTactic false`
warning: Complexity/ClassesProofs/CertificateProjection.lean:79:72: Used `tac1 <;> tac2` where `(tac1; tac2)` would suffice

Note: This linter can be disabled with `set_option linter.unnecessarySeqFocus false`
warning: Complexity/ClassesProofs/CertificateProjection.lean:80:13: Used `tac1 <;> tac2` where `(tac1; tac2)` would suffice

Note: This linter can be disabled with `set_option linter.unnecessarySeqFocus false`
warning: Complexity/ClassesProofs/CertificateProjection.lean:84:72: Used `tac1 <;> tac2` where `(tac1; tac2)` would suffice

Note: This linter can be disabled with `set_option linter.unnecessarySeqFocus false`
warning: Complexity/ClassesProofs/CertificateProjection.lean:85:13: Used `tac1 <;> tac2` where `(tac1; tac2)` would suffice

Note: This linter can be disabled with `set_option linter.unnecessarySeqFocus false`
warning: Complexity/ClassesProofs/CertificateProjection.lean:90:72: Used `tac1 <;> tac2` where `(tac1; tac2)` would suffice

Note: This linter can be disabled with `set_option linter.unnecessarySeqFocus false`
warning: Complexity/ClassesProofs/CertificateProjection.lean:91:13: Used `tac1 <;> tac2` where `(tac1; tac2)` would suffice

Note: This linter can be disabled with `set_option linter.unnecessarySeqFocus false`
warning: Complexity/ClassesProofs/CertificateProjection.lean:96:4: Unused tactic linter: `funext k` does nothing

Note: This linter can be disabled with `set_option linter.unusedTactic false`
warning: Complexity/ClassesProofs/CertificateProjection.lean:96:17: Unused tactic linter: `cases k` does nothing

Note: This linter can be disabled with `set_option linter.unusedTactic false`
warning: Complexity/ClassesProofs/CertificateProjection.lean:96:29: Unused tactic linter: `rfl` does nothing

Note: This linter can be disabled with `set_option linter.unusedTactic false`
warning: Complexity/ClassesProofs/CertificateProjection.lean:96:4: this tactic is never executed

Note: This linter can be disabled with `set_option linter.unreachableTactic false`
warning: Complexity/ClassesProofs/CertificateProjection.lean:96:17: this tactic is never executed

Note: This linter can be disabled with `set_option linter.unreachableTactic false`
warning: Complexity/ClassesProofs/CertificateProjection.lean:96:29: this tactic is never executed

Note: This linter can be disabled with `set_option linter.unreachableTactic false`
warning: Complexity/ClassesProofs/CertificateProjection.lean:101:72: Used `tac1 <;> tac2` where `(tac1; tac2)` would suffice

Note: This linter can be disabled with `set_option linter.unnecessarySeqFocus false`
warning: Complexity/ClassesProofs/CertificateProjection.lean:102:13: Used `tac1 <;> tac2` where `(tac1; tac2)` would suffice

Note: This linter can be disabled with `set_option linter.unnecessarySeqFocus false`
warning: Complexity/ClassesProofs/CertificateProjection.lean:107:4: Unused tactic linter: `funext k` does nothing

Note: This linter can be disabled with `set_option linter.unusedTactic false`
warning: Complexity/ClassesProofs/CertificateProjection.lean:107:17: Unused tactic linter: `cases k` does nothing

Note: This linter can be disabled with `set_option linter.unusedTactic false`
warning: Complexity/ClassesProofs/CertificateProjection.lean:107:29: Unused tactic linter: `rfl` does nothing

Note: This linter can be disabled with `set_option linter.unusedTactic false`
warning: Complexity/ClassesProofs/CertificateProjection.lean:107:4: this tactic is never executed

Note: This linter can be disabled with `set_option linter.unreachableTactic false`
warning: Complexity/ClassesProofs/CertificateProjection.lean:107:17: this tactic is never executed

Note: This linter can be disabled with `set_option linter.unreachableTactic false`
warning: Complexity/ClassesProofs/CertificateProjection.lean:107:29: this tactic is never executed

Note: This linter can be disabled with `set_option linter.unreachableTactic false`
warning: Complexity/ClassesProofs/CertificateProjection.lean:112:72: Used `tac1 <;> tac2` where `(tac1; tac2)` would suffice

Note: This linter can be disabled with `set_option linter.unnecessarySeqFocus false`
warning: Complexity/ClassesProofs/CertificateProjection.lean:113:13: Used `tac1 <;> tac2` where `(tac1; tac2)` would suffice

Note: This linter can be disabled with `set_option linter.unnecessarySeqFocus false`
warning: Complexity/ClassesProofs/CertificateProjection.lean:142:41: Unused tactic linter: `omega` does nothing

Note: This linter can be disabled with `set_option linter.unusedTactic false`
warning: Complexity/ClassesProofs/CertificateProjection.lean:142:41: this tactic is never executed

Note: This linter can be disabled with `set_option linter.unreachableTactic false`
warning: Complexity/ClassesProofs/CertificateProjection.lean:139:49: Used `tac1 <;> tac2` where `(tac1; tac2)` would suffice

Note: This linter can be disabled with `set_option linter.unnecessarySeqFocus false`
⚠ [3299/3485] Replayed Complexity.ClassesProofs.GeneralTimeSimulation
warning: Complexity/ClassesProofs/GeneralTimeSimulation.lean:41:2: Try this: 
  letI̵

The goal is a proposition, so `let` is preferred over `letI`.
The difference between `let` and `letI` is that `letI` inlines the value.
But this is not relevant for proofs because of proof irrelevance.

Note: This linter can be disabled with `set_option linter.style.haveILetI false`
warning: Complexity/ClassesProofs/GeneralTimeSimulation.lean:79:2: Try this: 
  letI̵

The goal is a proposition, so `let` is preferred over `letI`.
The difference between `let` and `letI` is that `letI` inlines the value.
But this is not relevant for proofs because of proof irrelevance.

Note: This linter can be disabled with `set_option linter.style.haveILetI false`
warning: Complexity/ClassesProofs/GeneralTimeSimulation.lean:80:2: Try this: 
  letI̵

The goal is a proposition, so `let` is preferred over `letI`.
The difference between `let` and `letI` is that `letI` inlines the value.
But this is not relevant for proofs because of proof irrelevance.

Note: This linter can be disabled with `set_option linter.style.haveILetI false`
warning: Complexity/ClassesProofs/GeneralTimeSimulation.lean:81:2: Try this: 
  letI̵

The goal is a proposition, so `let` is preferred over `letI`.
The difference between `let` and `letI` is that `letI` inlines the value.
But this is not relevant for proofs because of proof irrelevance.

Note: This linter can be disabled with `set_option linter.style.haveILetI false`
warning: Complexity/ClassesProofs/GeneralTimeSimulation.lean:82:2: Try this: 
  letI̵

The goal is a proposition, so `let` is preferred over `letI`.
The difference between `let` and `letI` is that `letI` inlines the value.
But this is not relevant for proofs because of proof irrelevance.

Note: This linter can be disabled with `set_option linter.style.haveILetI false`
warning: Complexity/ClassesProofs/GeneralTimeSimulation.lean:83:2: Try this: 
  letI̵

The goal is a proposition, so `let` is preferred over `letI`.
The difference between `let` and `letI` is that `letI` inlines the value.
But this is not relevant for proofs because of proof irrelevance.

Note: This linter can be disabled with `set_option linter.style.haveILetI false`
warning: Complexity/ClassesProofs/GeneralTimeSimulation.lean:91:2: Try this: 
  letI̵

The goal is a proposition, so `let` is preferred over `letI`.
The difference between `let` and `letI` is that `letI` inlines the value.
But this is not relevant for proofs because of proof irrelevance.

Note: This linter can be disabled with `set_option linter.style.haveILetI false`
⚠ [3301/3485] Replayed Complexity.ClassesProofs.SavitchProofs.UnaryExpansion
warning: Complexity/ClassesProofs/SavitchProofs/UnaryExpansion.lean:70:14: This simp argument is unused:
  Function.update_apply

Hint: Omit it from the simp argument list.
  [apply] simp [hk]

Note: This linter can be disabled with `set_option linter.unusedSimpArgs false`
⚠ [3302/3485] Replayed Complexity.ClassesProofs.SavitchProofs.UnaryPolynomial
warning: Complexity/ClassesProofs/SavitchProofs/UnaryPolynomial.lean:124:54: This simp argument is unused:
  Function.update_apply

Hint: Omit it from the simp argument list.
  [apply] simp [hj, hjk]

Note: This linter can be disabled with `set_option linter.unusedSimpArgs false`
warning: Complexity/ClassesProofs/SavitchProofs/UnaryPolynomial.lean:148:48: This simp argument is unused:
  Function.update_apply

Hint: Omit it from the simp argument list.
  [apply] simp [hj, hjk, hk0]

Note: This linter can be disabled with `set_option linter.unusedSimpArgs false`
⚠ [3307/3485] Replayed Complexity.ClassesProofs.InclusionAux.CertificateBudget
warning: Complexity/ClassesProofs/InclusionAux/CertificateBudget.lean:19:61: This simp argument is unused:
  CertificateProjection.first

Hint: Omit it from the simp argument list.
  [apply] simp_all

Note: This linter can be disabled with `set_option linter.unusedSimpArgs false`
warning: Complexity/ClassesProofs/InclusionAux/CertificateBudget.lean:19:90: Used `tac1 <;> tac2` where `(tac1; tac2)` would suffice

Note: This linter can be disabled with `set_option linter.unnecessarySeqFocus false`
⚠ [3309/3485] Replayed Complexity.ClassesProofs.StackSpaceInterpreter
warning: Complexity/ClassesProofs/StackSpaceInterpreter.lean:85:40: This simp argument is unused:
  Function.update_apply

Hint: Omit it from the simp argument list.
  [apply] simp_all

Note: This linter can be disabled with `set_option linter.unusedSimpArgs false`
warning: Complexity/ClassesProofs/StackSpaceInterpreter.lean:107:40: This simp argument is unused:
  Function.update_apply

Hint: Omit it from the simp argument list.
  [apply] simp [S', hj, TM2Bounds.pushes] at *

Note: This linter can be disabled with `set_option linter.unusedSimpArgs false`
warning: Complexity/ClassesProofs/StackSpaceInterpreter.lean:117:40: This simp argument is unused:
  Function.update_apply

Hint: Omit it from the simp argument list.
  [apply] simp [S', hj, TM2Bounds.pushes] at *

Note: This linter can be disabled with `set_option linter.unusedSimpArgs false`
⚠ [3310/3485] Replayed Complexity.ClassesProofs.InclusionAux.VerifierRoutine
warning: Complexity/ClassesProofs/InclusionAux/VerifierRoutine.lean:91:43: This simp argument is unused:
  List.map_id_fun

Hint: Omit it from the simp argument list.
  [apply] simp only [CommandEmbedding.store, hr, List.map_id]

Note: This linter can be disabled with `set_option linter.unusedSimpArgs false`
⚠ [3311/3485] Replayed Complexity.ClassesProofs.SavitchProofs.StackTransducer
warning: Complexity/ClassesProofs/SavitchProofs/StackTransducer.lean:63:47: This simp argument is unused:
  List.map_append

Hint: Omit it from the simp argument list.
  [apply] simp [run, hδ, hh, ih]

Note: This linter can be disabled with `set_option linter.unusedSimpArgs false`
warning: Complexity/ClassesProofs/SavitchProofs/StackTransducer.lean:101:68: This simp argument is unused:
  Function.update_apply

Hint: Omit it from the simp argument list.
  [apply] simp_all

Note: This linter can be disabled with `set_option linter.unusedSimpArgs false`
⚠ [3312/3485] Replayed Complexity.ClassesProofs.InclusionAux.FirstDecoder
warning: Complexity/ClassesProofs/InclusionAux/FirstDecoder.lean:35:47: This simp argument is unused:
  CertificateProjection.first

Hint: Omit it from the simp argument list.
  [apply] simp_all [StackTransducer.run, transition, run_done]

Note: This linter can be disabled with `set_option linter.unusedSimpArgs false`
⚠ [3317/3485] Replayed Complexity.ClassesProofs.InclusionAux.ChoiceProofs.StackCompilation
warning: Complexity/ClassesProofs/InclusionAux/ChoiceProofs/StackCompilation.lean:131:51: This simp argument is unused:
  Function.update_apply

Hint: Omit it from the simp argument list.
  [apply] simp [StackMachine.tape, hi]

Note: This linter can be disabled with `set_option linter.unusedSimpArgs false`
⚠ [3325/3485] Replayed Complexity.ClassesProofs.InclusionAux.ChoiceProofs.GuessWord
warning: Complexity/ClassesProofs/InclusionAux/ChoiceProofs/GuessWord.lean:125:6: Unused tactic linter: `change pending (after e src dst bit b) src < pending e src` does nothing

Note: This linter can be disabled with `set_option linter.unusedTactic false`
⚠ [3326/3485] Replayed Complexity.ClassesProofs.InclusionAux.ChoiceProofs.GuessWordCorrectness
warning: Complexity/ClassesProofs/InclusionAux/ChoiceProofs/GuessWordCorrectness.lean:36:14: This simp argument is unused:
  Function.update_apply

Hint: Omit it from the simp argument list.
  [apply] simp_all [Ne.symm hne]

Note: This linter can be disabled with `set_option linter.unusedSimpArgs false`
warning: Complexity/ClassesProofs/InclusionAux/ChoiceProofs/GuessWordCorrectness.lean:48:14: This simp argument is unused:
  Function.update_apply

Hint: Omit it from the simp argument list.
  [apply] simp_all [Ne.symm hne]

Note: This linter can be disabled with `set_option linter.unusedSimpArgs false`
warning: Complexity/ClassesProofs/InclusionAux/ChoiceProofs/GuessWordCorrectness.lean:106:42: This simp argument is unused:
  hs

Hint: Omit it from the simp argument list.
  [apply] simp

Note: This linter can be disabled with `set_option linter.unusedSimpArgs false`
⚠ [3330/3485] Replayed Complexity.ClassesProofs.InclusionAux.RadixTape
warning: Complexity/ClassesProofs/InclusionAux/RadixTape.lean:19:28: Variable name `hb` is not explicitly referenced.

Hint: The binding can be removed (if unused) or named `_` (if used implicitly). Alternatively, prefix the name with `_` to silence this warning:
  [apply] _hb

Note: This linter can be disabled with `set_option linter.unusedVariables false`
⚠ [3331/3485] Replayed Complexity.ClassesProofs.InclusionAux.PolynomialConfigurations
warning: Complexity/ClassesProofs/InclusionAux/PolynomialConfigurations.lean:69:10: This simp argument is unused:
  List.getElem?_map

Hint: Omit it from the simp argument list.
  [apply] simp [List.getElem?_range, hi]

Note: This linter can be disabled with `set_option linter.unusedSimpArgs false`
warning: Complexity/ClassesProofs/InclusionAux/PolynomialConfigurations.lean:69:29: This simp argument is unused:
  List.getElem?_range

Hint: Omit it from the simp argument list.
  [apply] simp [List.getElem?_map, hi]

Note: This linter can be disabled with `set_option linter.unusedSimpArgs false`
warning: Complexity/ClassesProofs/InclusionAux/PolynomialConfigurations.lean:70:10: This simp argument is unused:
  List.getElem?_map

Hint: Omit it from the simp argument list.
  [apply] simp [List.getElem?_range, hi, htail i (by omega)]

Note: This linter can be disabled with `set_option linter.unusedSimpArgs false`
warning: Complexity/ClassesProofs/InclusionAux/PolynomialConfigurations.lean:70:29: This simp argument is unused:
  List.getElem?_range

Hint: Omit it from the simp argument list.
  [apply] simp [List.getElem?_map, hi, htail i (by omega)]

Note: This linter can be disabled with `set_option linter.unusedSimpArgs false`
warning: Complexity/ClassesProofs/InclusionAux/PolynomialConfigurations.lean:139:4: Unused tactic linter: `change (Fintype.equivFin M.Q).symm ⟨v % Fintype.card M.Q, _⟩ = d.state` does nothing

Note: This linter can be disabled with `set_option linter.unusedTactic false`
⚠ [3332/3485] Replayed Complexity.ClassesProofs.InclusionAux.PolynomialConfigurationGraph
warning: Complexity/ClassesProofs/InclusionAux/PolynomialConfigurationGraph.lean:54:21: This simp argument is unused:
  tapeRead

Hint: Omit it from the simp argument list.
  [apply] simp [expand, startVertex, inputIndex, workIndex, tapeIndex, Nat.div_eq_of_lt hq, Machine.initial, symbolRead]

Note: This linter can be disabled with `set_option linter.unusedSimpArgs false`
warning: Complexity/ClassesProofs/InclusionAux/PolynomialConfigurationGraph.lean:54:31: This simp argument is unused:
  symbolRead

Hint: Omit it from the simp argument list.
  [apply] simp [expand, startVertex, inputIndex, workIndex, tapeIndex, Nat.div_eq_of_lt hq, Machine.initial, tapeRead]

Note: This linter can be disabled with `set_option linter.unusedSimpArgs false`
warning: Complexity/ClassesProofs/InclusionAux/PolynomialConfigurationGraph.lean:112:4: Try `simp at ha` instead of `simpa using ha`

Note: This linter can be disabled with `set_option linter.unnecessarySimpa false`
⚠ [3333/3485] Replayed Complexity.ClassesProofs.InclusionAux.ConfigurationTests
warning: Complexity/ClassesProofs/InclusionAux/ConfigurationTests.lean:121:55: This simp argument is unused:
  hget

Hint: Omit it from the simp argument list.
  [apply] simp [inputIs, Test.lt, Test.and, Test.input, Test.not, Number.constant, Number.length, Number.add,
    Number.sub, hindex, readInput, hbit, hi]

Note: This linter can be disabled with `set_option linter.unusedSimpArgs false`
⚠ [3335/3485] Replayed Complexity.ClassesProofs.InclusionAux.ReachabilityTable
warning: Complexity/ClassesProofs/InclusionAux/ReachabilityTable.lean:31:16: This simp argument is unused:
  List.getElem?_map

Hint: Omit it from the simp argument list.
  [apply] simp [lookup, List.getElem?_range, hv]

Note: This linter can be disabled with `set_option linter.unusedSimpArgs false`
warning: Complexity/ClassesProofs/InclusionAux/ReachabilityTable.lean:31:35: This simp argument is unused:
  List.getElem?_range

Hint: Omit it from the simp argument list.
  [apply] simp [lookup, List.getElem?_map, hv]

Note: This linter can be disabled with `set_option linter.unusedSimpArgs false`
warning: Complexity/ClassesProofs/InclusionAux/ReachabilityTable.lean:40:26: This simp argument is unused:
  and_assoc

Hint: Omit it from the simp argument list.
  [apply] simp [List.any_eq_true]

Note: This linter can be disabled with `set_option linter.unusedSimpArgs false`
⚠ [3338/3485] Replayed Complexity.ClassesProofs.InclusionAux.NPPolynomialSpace
warning: Complexity/ClassesProofs/InclusionAux/NPPolynomialSpace.lean:102:2: Try this: 
  letI̵

The goal is a proposition, so `let` is preferred over `letI`.
The difference between `let` and `letI` is that `letI` inlines the value.
But this is not relevant for proofs because of proof irrelevance.

Note: This linter can be disabled with `set_option linter.style.haveILetI false`
warning: Complexity/ClassesProofs/InclusionAux/NPPolynomialSpace.lean:103:2: Try this: 
  letI̵

The goal is a proposition, so `let` is preferred over `letI`.
The difference between `let` and `letI` is that `letI` inlines the value.
But this is not relevant for proofs because of proof irrelevance.

Note: This linter can be disabled with `set_option linter.style.haveILetI false`
warning: Complexity/ClassesProofs/InclusionAux/NPPolynomialSpace.lean:104:2: Try this: 
  letI̵

The goal is a proposition, so `let` is preferred over `letI`.
The difference between `let` and `letI` is that `letI` inlines the value.
But this is not relevant for proofs because of proof irrelevance.

Note: This linter can be disabled with `set_option linter.style.haveILetI false`
warning: Complexity/ClassesProofs/InclusionAux/NPPolynomialSpace.lean:105:2: Try this: 
  letI̵

The goal is a proposition, so `let` is preferred over `letI`.
The difference between `let` and `letI` is that `letI` inlines the value.
But this is not relevant for proofs because of proof irrelevance.

Note: This linter can be disabled with `set_option linter.style.haveILetI false`
⚠ [3339/3485] Replayed Complexity.ClassesProofs.InputTapeView
warning: Complexity/ClassesProofs/InputTapeView.lean:63:58: This simp argument is unused:
  List.getElem?_append

Hint: Omit it from the simp argument list.
  [apply] simp [View.word, View.position, readInput]

Note: This linter can be disabled with `set_option linter.unusedSimpArgs false`
warning: Complexity/ClassesProofs/InputTapeView.lean:83:76: Unused tactic linter: `omega` does nothing

Note: This linter can be disabled with `set_option linter.unusedTactic false`
warning: Complexity/ClassesProofs/InputTapeView.lean:83:76: this tactic is never executed

Note: This linter can be disabled with `set_option linter.unreachableTactic false`
⚠ [3343/3485] Replayed Complexity.ClassesProofs.SavitchProofs.BitDecoder
warning: Complexity/ClassesProofs/SavitchProofs/BitDecoder.lean:46:37: This simp argument is unused:
  List.length_singleton

Hint: Omit it from the simp argument list.
  [apply] simp only [List.length_append, List.length_cons, List.length_nil] at *

Note: This linter can be disabled with `set_option linter.unusedSimpArgs false`
warning: Complexity/ClassesProofs/SavitchProofs/BitDecoder.lean:51:43: This simp argument is unused:
  List.length_singleton

Hint: Omit it from the simp argument list.
  [apply] simp only [next, List.length_append, List.length_cons, List.length_nil] at *

Note: This linter can be disabled with `set_option linter.unusedSimpArgs false`
⚠ [3348/3485] Replayed Complexity.ClassesProofs.SavitchProofs.DecodeQuery
warning: Complexity/ClassesProofs/SavitchProofs/DecodeQuery.lean:52:34: This simp argument is unused:
  setBuffer

Hint: Omit it from the simp argument list.
  [apply] simp [hbuf, hne, Ne.symm hne, StackRoutines.transferred]

Note: This linter can be disabled with `set_option linter.unusedSimpArgs false`
warning: Complexity/ClassesProofs/SavitchProofs/DecodeQuery.lean:52:45: This simp argument is unused:
  StackRoutines.transferred

Hint: Omit it from the simp argument list.
  [apply] simp [hbuf, hne, Ne.symm hne, setBuffer]

Note: This linter can be disabled with `set_option linter.unusedSimpArgs false`
warning: Complexity/ClassesProofs/SavitchProofs/DecodeQuery.lean:54:34: This simp argument is unused:
  setBuffer

Hint: Omit it from the simp argument list.
  [apply] simp [hbuf, hne, Ne.symm hne, pushed, StackRoutines.transferred]

Note: This linter can be disabled with `set_option linter.unusedSimpArgs false`
warning: Complexity/ClassesProofs/SavitchProofs/DecodeQuery.lean:54:53: This simp argument is unused:
  StackRoutines.transferred

Hint: Omit it from the simp argument list.
  [apply] simp [hbuf, hne, Ne.symm hne, setBuffer, pushed]

Note: This linter can be disabled with `set_option linter.unusedSimpArgs false`
warning: Complexity/ClassesProofs/SavitchProofs/DecodeQuery.lean:71:21: This simp argument is unused:
  Ne.symm hne

Hint: Omit it from the simp argument list.
  [apply] simp [hbuf, hne, setBuffer, pushed, StackRoutines.transferred, BitDecoder.decode, BitDecoder.flush,
    List.map_reverse, List.map_append]

Note: This linter can be disabled with `set_option linter.unusedSimpArgs false`
warning: Complexity/ClassesProofs/SavitchProofs/DecodeQuery.lean:71:34: This simp argument is unused:
  setBuffer

Hint: Omit it from the simp argument list.
  [apply] simp [hbuf, hne, Ne.symm hne, pushed, StackRoutines.transferred, BitDecoder.decode, BitDecoder.flush,
    List.map_reverse, List.map_append]

Note: This linter can be disabled with `set_option linter.unusedSimpArgs false`
warning: Complexity/ClassesProofs/SavitchProofs/DecodeQuery.lean:72:43: This simp argument is unused:
  List.map_reverse

Hint: Omit it from the simp argument list.
  [apply] simp [hbuf, hne, Ne.symm hne, setBuffer, pushed, StackRoutines.transferred, BitDecoder.decode,
    BitDecoder.flush, List.map_append]

Note: This linter can be disabled with `set_option linter.unusedSimpArgs false`
warning: Complexity/ClassesProofs/SavitchProofs/DecodeQuery.lean:75:16: This simp argument is unused:
  Function.update_apply

Hint: Omit it from the simp argument list.
  [apply] simp_all

Note: This linter can be disabled with `set_option linter.unusedSimpArgs false`
⚠ [3350/3485] Replayed Complexity.ClassesProofs.SavitchProofs.InputVisit
warning: Complexity/ClassesProofs/SavitchProofs/InputVisit.lean:50:0: automatically included section variable(s) unused in theorem `Complexity.ClassesProofs.SavitchProofs.InputRoutines.visited_advance`:
  [Inhabited Γ]
consider restructuring your `variable` declarations so that the variables are not in scope or explicitly omit them:
  omit [Inhabited Γ] in theorem ...

Note: This linter can be disabled with `set_option linter.unusedSectionVars false`
warning: Complexity/ClassesProofs/SavitchProofs/InputVisit.lean:74:31: This simp argument is unused:
  Nat.min_eq_left hd.1

Hint: Omit it from the simp argument list.
  [apply] simp [de, visited, hd.1, ← hi]

Note: This linter can be disabled with `set_option linter.unusedSimpArgs false`
warning: Complexity/ClassesProofs/SavitchProofs/InputVisit.lean:152:19: This simp argument is unused:
  Nat.min_eq_left h

Hint: Omit it from the simp argument list.
  [apply] simp [positionCheck, visit, visitFrom, rewind, rewound, visited, Macro.seq, Macro.assign, assigned, h]

Note: This linter can be disabled with `set_option linter.unusedSimpArgs false`
⚠ [3351/3485] Replayed Complexity.ClassesProofs.SavitchProofs.ParseQuery
warning: Complexity/ClassesProofs/SavitchProofs/ParseQuery.lean:63:13: This simp argument is unused:
  Ne.symm hne

Hint: Omit it from the simp argument list.
  [apply] simp [hne, StackRoutines.transferred, List.map_reverse, (InputParser.run_correct M xs).2]

Note: This linter can be disabled with `set_option linter.unusedSimpArgs false`
warning: Complexity/ClassesProofs/SavitchProofs/ParseQuery.lean:63:53: This simp argument is unused:
  List.map_reverse

Hint: Omit it from the simp argument list.
  [apply] simp [hne, Ne.symm hne, StackRoutines.transferred, (InputParser.run_correct M xs).2]

Note: This linter can be disabled with `set_option linter.unusedSimpArgs false`
warning: Complexity/ClassesProofs/SavitchProofs/ParseQuery.lean:65:64: This simp argument is unused:
  Function.update_apply

Hint: Omit it from the simp argument list.
  [apply] simp_all

Note: This linter can be disabled with `set_option linter.unusedSimpArgs false`
⚠ [3352/3485] Replayed Complexity.ClassesProofs.SavitchProofs.AutomatonQuery
warning: Complexity/ClassesProofs/SavitchProofs/AutomatonQuery.lean:69:64: This simp argument is unused:
  Function.update_apply

Hint: Omit it from the simp argument list.
  [apply] simp_all

Note: This linter can be disabled with `set_option linter.unusedSimpArgs false`
⚠ [3353/3485] Replayed Complexity.ClassesProofs.SavitchProofs.QueryStages
warning: Complexity/ClassesProofs/SavitchProofs/QueryStages.lean:57:38: This simp argument is unused:
  Function.update_apply

Hint: Omit it from the simp argument list.
  [apply] simp [hk]

Note: This linter can be disabled with `set_option linter.unusedSimpArgs false`
warning: Complexity/ClassesProofs/SavitchProofs/QueryStages.lean:81:45: This simp argument is unused:
  Function.update_apply

Hint: Omit it from the simp argument list.
  [apply] simp [hk]

Note: This linter can be disabled with `set_option linter.unusedSimpArgs false`
⚠ [3355/3485] Replayed Complexity.ClassesProofs.SavitchProofs.SearchSimulation
warning: Complexity/ClassesProofs/SavitchProofs/SearchSimulation.lean:196:6: try 'simp' instead of 'simpa'

Note: This linter can be disabled with `set_option linter.unnecessarySimpa false`
warning: Complexity/ClassesProofs/SavitchProofs/SearchSimulation.lean:210:47: This simp argument is unused:
  Frame.kind

Hint: Omit it from the simp argument list.
  [apply] simp [popFrame, restoreFields, Macro.seq, Macro.read, Macro.assign, Macro.restore, assigned, popped, key, hh,
    store, stackStore, column_cons, Frame.first, Frame.second, Frame.middle, Frame.depth]

Note: This linter can be disabled with `set_option linter.unusedSimpArgs false`
warning: Complexity/ClassesProofs/SavitchProofs/SearchSimulation.lean:298:44: try 'simp' instead of 'simpa'

Note: This linter can be disabled with `set_option linter.unnecessarySimpa false`
⚠ [3357/3485] Replayed Complexity.ClassesProofs.SavitchProofs.GraphQuery
warning: Complexity/ClassesProofs/SavitchProofs/GraphQuery.lean:115:59: This simp argument is unused:
  and_left_comm

Hint: Omit it from the simp argument list.
  [apply] simp [EncodedGraph.query, lx, ly, and_assoc, and_comm]

Note: This linter can be disabled with `set_option linter.unusedSimpArgs false`
⚠ [3360/3485] Replayed Complexity.ClassesProofs.SavitchProofs.TapeInterpreter
warning: Complexity/ClassesProofs/SavitchProofs/TapeInterpreter.lean:96:81: This simp argument is unused:
  Function.update_apply

Hint: Omit it from the simp argument list.
  [apply] simp_all [memory]

Note: This linter can be disabled with `set_option linter.unusedSimpArgs false`
warning: Complexity/ClassesProofs/SavitchProofs/TapeInterpreter.lean:109:81: This simp argument is unused:
  Function.update_apply

Hint: Omit it from the simp argument list.
  [apply] simp_all [memory]

Note: This linter can be disabled with `set_option linter.unusedSimpArgs false`
⚠ [3369/3485] Replayed Complexity.ClassesProofs.WorkTapeView
warning: Complexity/ClassesProofs/WorkTapeView.lean:131:60: Used `tac1 <;> tac2` where `(tac1; tac2)` would suffice

Note: This linter can be disabled with `set_option linter.unnecessarySeqFocus false`
warning: Complexity/ClassesProofs/WorkTapeView.lean:132:62: Used `tac1 <;> tac2` where `(tac1; tac2)` would suffice

Note: This linter can be disabled with `set_option linter.unnecessarySeqFocus false`
warning: Complexity/ClassesProofs/WorkTapeView.lean:143:56: Used `tac1 <;> tac2` where `(tac1; tac2)` would suffice

Note: This linter can be disabled with `set_option linter.unnecessarySeqFocus false`
warning: Complexity/ClassesProofs/WorkTapeView.lean:144:62: Used `tac1 <;> tac2` where `(tac1; tac2)` would suffice

Note: This linter can be disabled with `set_option linter.unnecessarySeqFocus false`
warning: Complexity/ClassesProofs/WorkTapeView.lean:149:42: This simp argument is unused:
  List.getElem?_replicate

Hint: Omit it from the simp argument list.
  [apply] simp [contents, hi]

Note: This linter can be disabled with `set_option linter.unusedSimpArgs false`
⚠ [3370/3485] Replayed Complexity.ClassesProofs.SpaceToStack
warning: Complexity/ClassesProofs/SpaceToStack.lean:198:12: This simp argument is unused:
  Function.update_apply

Hint: Omit it from the simp argument list.
  [apply] simp_all [FinTM2.step, machine, code, cfg, memory, TM2.step, TM2.stepAux, inputCode, workCode, apply,
    View.work, WorkTapeView.apply, InputTapeView.move, InputTapeView.View.Valid, nextRegister, inputRegister]

Note: This linter can be disabled with `set_option linter.unusedSimpArgs false`
⚠ [3372/3485] Replayed Complexity.ClassesProofs.SpaceStackExecution
warning: Complexity/ClassesProofs/SpaceStackExecution.lean:135:20: This simp argument is unused:
  s₄

Hint: Omit it from the simp argument list.
  [apply] simp [s₁, s₂, s₃, memory]

Note: This linter can be disabled with `set_option linter.unusedSimpArgs false`
⚠ [3374/3485] Replayed Complexity.ClassesProofs.SpaceExponentialTime
warning: Complexity/ClassesProofs/SpaceExponentialTime.lean:46:22: Used `tac1 <;> tac2` where `(tac1; tac2)` would suffice

Note: This linter can be disabled with `set_option linter.unnecessarySeqFocus false`
warning: Complexity/ClassesProofs/SpaceExponentialTime.lean:46:34: Used `tac1 <;> tac2` where `(tac1; tac2)` would suffice

Note: This linter can be disabled with `set_option linter.unnecessarySeqFocus false`
warning: Complexity/ClassesProofs/SpaceExponentialTime.lean:70:10: This simp argument is unused:
  S

Hint: Omit it from the simp argument list.
  [apply] simp [SpaceToStack.timeComputer]

Note: This linter can be disabled with `set_option linter.unusedSimpArgs false`
warning: Complexity/ClassesProofs/SpaceExponentialTime.lean:70:13: This simp argument is unused:
  SpaceToStack.timeComputer

Hint: Omit it from the simp argument list.
  [apply] simp [S]

Note: This linter can be disabled with `set_option linter.unusedSimpArgs false`
warning: Complexity/ClassesProofs/SpaceExponentialTime.lean:71:4: Unused tactic linter: `congr 1` does nothing

Note: This linter can be disabled with `set_option linter.unusedTactic false`
⚠ [3393/3485] Replayed Complexity.CookLevinProofs.AbsoluteTape
warning: Complexity/CookLevinProofs/AbsoluteTape.lean:61:14: This simp argument is unused:
  Function.update_apply

Hint: Omit it from the simp argument list.
  [apply] simp [hj, sub_ne_zero.mpr hj, h.2 j]

Note: This linter can be disabled with `set_option linter.unusedSimpArgs false`
warning: Complexity/CookLevinProofs/AbsoluteTape.lean:49:30: Used `tac1 <;> tac2` where `(tac1; tac2)` would suffice

Note: This linter can be disabled with `set_option linter.unnecessarySeqFocus false`
warning: Complexity/CookLevinProofs/AbsoluteTape.lean:49:42: Used `tac1 <;> tac2` where `(tac1; tac2)` would suffice

Note: This linter can be disabled with `set_option linter.unnecessarySeqFocus false`
warning: Complexity/CookLevinProofs/AbsoluteTape.lean:53:30: Used `tac1 <;> tac2` where `(tac1; tac2)` would suffice

Note: This linter can be disabled with `set_option linter.unnecessarySeqFocus false`
warning: Complexity/CookLevinProofs/AbsoluteTape.lean:53:42: Used `tac1 <;> tac2` where `(tac1; tac2)` would suffice

Note: This linter can be disabled with `set_option linter.unnecessarySeqFocus false`
⚠ [3400/3485] Replayed Complexity.CookLevinProofs.CertificateAssignments
warning: Complexity/CookLevinProofs/CertificateAssignments.lean:30:53: This simp argument is unused:
  h₁

Hint: Omit it from the simp argument list.
  [apply] simp [live, hi, livePort, certificateAssignment, h₂, he]

Note: This linter can be disabled with `set_option linter.unusedSimpArgs false`
⚠ [3402/3485] Replayed Complexity.CookLevinProofs.CircuitPadding
warning: Complexity/CookLevinProofs/CircuitPadding.lean:23:44: Used `tac1 <;> tac2` where `(tac1; tac2)` would suffice

Note: This linter can be disabled with `set_option linter.unnecessarySeqFocus false`
⚠ [3406/3485] Replayed Complexity.CookLevinProofs.DecoderSoundness
warning: Complexity/CookLevinProofs/DecoderSoundness.lean:31:33: This simp argument is unused:
  Option.bind_some

Hint: Omit it from the simp argument list.
  [apply] simp only [parseNat, hp, Option.some.injEq, Prod.mk.injEq] at h

Note: This linter can be disabled with `set_option linter.unusedSimpArgs false`
warning: Complexity/CookLevinProofs/DecoderSoundness.lean:31:51: This simp argument is unused:
  Option.some.injEq

Hint: Omit it from the simp argument list.
  [apply] simp only [parseNat, hp, Option.bind_some, Prod.mk.injEq] at h

Note: This linter can be disabled with `set_option linter.unusedSimpArgs false`
warning: Complexity/CookLevinProofs/DecoderSoundness.lean:31:70: This simp argument is unused:
  Prod.mk.injEq

Hint: Omit it from the simp argument list.
  [apply] simp only [parseNat, hp, Option.bind_some, Option.some.injEq] at h

Note: This linter can be disabled with `set_option linter.unusedSimpArgs false`
warning: Complexity/CookLevinProofs/DecoderSoundness.lean:45:35: This simp argument is unused:
  Option.bind_some

Hint: Omit it from the simp argument list.
  [apply] simp only [parseLiteral, hn, Option.some.injEq, Prod.mk.injEq] at h

Note: This linter can be disabled with `set_option linter.unusedSimpArgs false`
warning: Complexity/CookLevinProofs/DecoderSoundness.lean:45:53: This simp argument is unused:
  Option.some.injEq

Hint: Omit it from the simp argument list.
  [apply] simp only [parseLiteral, hn, Option.bind_some, Prod.mk.injEq] at h

Note: This linter can be disabled with `set_option linter.unusedSimpArgs false`
warning: Complexity/CookLevinProofs/DecoderSoundness.lean:45:72: This simp argument is unused:
  Prod.mk.injEq

Hint: Omit it from the simp argument list.
  [apply] simp only [parseLiteral, hn, Option.bind_some, Option.some.injEq] at h

Note: This linter can be disabled with `set_option linter.unusedSimpArgs false`
⚠ [3408/3485] Replayed Complexity.CookLevinProofs.PairDecoding
warning: Complexity/CookLevinProofs/PairDecoding.lean:66:63: Used `tac1 <;> tac2` where `(tac1; tac2)` would suffice

Note: This linter can be disabled with `set_option linter.unnecessarySeqFocus false`
warning: Complexity/CookLevinProofs/PairDecoding.lean:78:63: Used `tac1 <;> tac2` where `(tac1; tac2)` would suffice

Note: This linter can be disabled with `set_option linter.unnecessarySeqFocus false`
⚠ [3412/3485] Replayed Complexity.CookLevinProofs.UnaryParsing
warning: Complexity/CookLevinProofs/UnaryParsing.lean:30:49: Used `tac1 <;> tac2` where `(tac1; tac2)` would suffice

Note: This linter can be disabled with `set_option linter.unnecessarySeqFocus false`
⚠ [3416/3485] Replayed Complexity.CookLevinProofs.ListParsing
warning: Complexity/CookLevinProofs/ListParsing.lean:71:4: try 'simp' instead of 'simpa'

Note: This linter can be disabled with `set_option linter.unnecessarySimpa false`
⚠ [3417/3485] Replayed Complexity.CookLevinProofs.ClauseParsing
warning: Complexity/CookLevinProofs/ClauseParsing.lean:45:42: This simp argument is unused:
  Bool.or_assoc

Hint: Omit it from the simp argument list.
  [apply] simp [clauseFlags, literalFlags, scanClause, scanMany, clauseValue, scanLiteral_invalid_rest xs hv, hv]

Note: This linter can be disabled with `set_option linter.unusedSimpArgs false`
⚠ [3419/3485] Replayed Complexity.CookLevinProofs.LiteralExecution
warning: Complexity/CookLevinProofs/LiteralExecution.lean:64:21: Used `tac1 <;> tac2` where `(tac1; tac2)` would suffice

Note: This linter can be disabled with `set_option linter.unnecessarySeqFocus false`
warning: Complexity/CookLevinProofs/LiteralExecution.lean:64:55: Used `tac1 <;> tac2` where `(tac1; tac2)` would suffice

Note: This linter can be disabled with `set_option linter.unnecessarySeqFocus false`
⚠ [3420/3485] Replayed Complexity.CookLevinProofs.LoopSuffix
warning: Complexity/CookLevinProofs/LoopSuffix.lean:21:58: Used `tac1 <;> tac2` where `(tac1; tac2)` would suffice

Note: This linter can be disabled with `set_option linter.unnecessarySeqFocus false`
⚠ [3423/3485] Replayed Complexity.CookLevinProofs.FormulaLoop
warning: Complexity/CookLevinProofs/FormulaLoop.lean:27:59: This simp argument is unused:
  Bool.and_assoc

Hint: Omit it from the simp argument list.
  [apply] simp [formulaFlags, checkedClauseFlags, scanFormula, scanMany, clauseValue, eval, lastClause,
    scanClause_invalid_rest xs hv, hv]

Note: This linter can be disabled with `set_option linter.unusedSimpArgs false`
⚠ [3425/3485] Replayed Complexity.CookLevinProofs.VerifierOutput
warning: Complexity/CookLevinProofs/VerifierOutput.lean:57:21: Used `tac1 <;> tac2` where `(tac1; tac2)` would suffice

Note: This linter can be disabled with `set_option linter.unnecessarySeqFocus false`
⚠ [3431/3485] Replayed Complexity.CookLevinProofs.MachineStepExpressions
warning: Complexity/CookLevinProofs/MachineStepExpressions.lean:76:74: This simp argument is unused:
  Function.update_apply

Hint: Omit it from the simp argument list.
  [apply] simp [caseResult, ht, hj, next, bitValue, Expr.eval, wire_eval]

Note: This linter can be disabled with `set_option linter.unusedSimpArgs false`
warning: Complexity/CookLevinProofs/MachineStepExpressions.lean:92:13: This simp argument is unused:
  Bool.coe_iff_coe

Hint: Omit it from the simp argument list.
  [apply] simp only [List.any_eq_true, Bool.and_eq_true, decide_eq_true_eq]

Note: This linter can be disabled with `set_option linter.unusedSimpArgs false`
⚠ [3432/3485] Replayed Complexity.CookLevinProofs.MachineCircuitSize
warning: Complexity/CookLevinProofs/MachineCircuitSize.lean:29:40: This simp argument is unused:
  Function.comp_def

Hint: Omit it from the simp argument list.
  [apply] simp [casesList, List.length_flatMap, Nat.mul_assoc]

Note: This linter can be disabled with `set_option linter.unusedSimpArgs false`
⚠ [3434/3485] Replayed Complexity.CookLevinProofs.MachineUniformBlocks
warning: Complexity/CookLevinProofs/MachineUniformBlocks.lean:18:47: Used `tac1 <;> tac2` where `(tac1; tac2)` would suffice

Note: This linter can be disabled with `set_option linter.unnecessarySeqFocus false`
⚠ [3436/3485] Replayed Complexity.CookLevinProofs.CircuitAcceptance
warning: Complexity/CookLevinProofs/CircuitAcceptance.lean:43:39: Used `tac1 <;> tac2` where `(tac1; tac2)` would suffice

Note: This linter can be disabled with `set_option linter.unnecessarySeqFocus false`
⚠ [3437/3485] Replayed Complexity.CookLevinProofs.OutputDivision
warning: Complexity/CookLevinProofs/OutputDivision.lean:27:35: This simp argument is unused:
  Nat.min_eq_left h2

Hint: Omit it from the simp argument list.
  [apply] simp [h, Nat.min_eq_left h1, List.replicate_succ']

Note: This linter can be disabled with `set_option linter.unusedSimpArgs false`
⚠ [3441/3485] Replayed Complexity.CookLevinProofs.ExpressionSelection
warning: Complexity/CookLevinProofs/ExpressionSelection.lean:32:16: try 'simp' instead of 'simpa'

Note: This linter can be disabled with `set_option linter.unnecessarySimpa false`
warning: Complexity/CookLevinProofs/ExpressionSelection.lean:31:20: This simp argument is unused:
  hn

Hint: Omit it from the simp argument list.
  [apply] simp

Note: This linter can be disabled with `set_option linter.unusedSimpArgs false`
⚠ [3445/3485] Replayed Complexity.CookLevinProofs.TransitionGuardCode
warning: Complexity/CookLevinProofs/TransitionGuardCode.lean:36:4: This simp argument is unused:
  Bool.true_eq

Hint: Omit it from the simp argument list.
  [apply] simp only [guardCode, Expression.conj, Expression.binary, Expression.wire, wireNumber_value, headIndexNumber,
    cellIndexNumber, windowNumber, Number.add, Number.mul, Number.constant, hi, MachineCircuit.guard,
    MachineCircuit.wire, Expr.rename, bitIndex_state, bitIndex_head, bitIndex_cell, ite_true]

Note: This linter can be disabled with `set_option linter.unusedSimpArgs false`
⚠ [3446/3485] Replayed Complexity.CookLevinProofs.TransitionTapeCode
warning: Complexity/CookLevinProofs/TransitionTapeCode.lean:51:34: Unused tactic linter: `exact unchangedCode_cost _ _ _ _` does nothing

Note: This linter can be disabled with `set_option linter.unusedTactic false`
warning: Complexity/CookLevinProofs/TransitionTapeCode.lean:51:34: this tactic is never executed

Note: This linter can be disabled with `set_option linter.unreachableTactic false`
⚠ [3448/3485] Replayed Complexity.CookLevinProofs.MachineEnumeration
warning: Complexity/CookLevinProofs/MachineEnumeration.lean:17:58: try 'simp' instead of 'simpa'

Note: This linter can be disabled with `set_option linter.unnecessarySimpa false`
⚠ [3449/3485] Replayed Complexity.CookLevinProofs.TransitionTermCode
warning: Complexity/CookLevinProofs/TransitionTermCode.lean:36:69: This simp argument is unused:
  Bool.true_eq

Hint: Omit it from the simp argument list.
  [apply] simp only [transitionTermCode, Expression.conj, Expression.binary, ite_true,
    guardCode_value M radius position base pitch q symbol a i hi,
    caseResultCode_value M radius position base pitch bit q symbol a i b hi hb, Expr.rename]

Note: This linter can be disabled with `set_option linter.unusedSimpArgs false`
⚠ [3450/3485] Replayed Complexity.CookLevinProofs.TransitionExpressionCode
warning: Complexity/CookLevinProofs/TransitionExpressionCode.lean:53:39: This simp argument is unused:
  List.map_map

Hint: Omit it from the simp argument list.
  [apply] simp only [stepExpr, anyExpr_rename, casesList_enumeration, List.map_ofFn]

Note: This linter can be disabled with `set_option linter.unusedSimpArgs false`
⚠ [3452/3485] Replayed Complexity.CookLevinProofs.ConclusionExpressionCode
warning: Complexity/CookLevinProofs/ConclusionExpressionCode.lean:64:65: This simp argument is unused:
  Bool.true_eq

Hint: Omit it from the simp argument list.
  [apply] simp only [conclusionCode, Expression.conj, Expression.binary, ite_true, prefixCode_value]

Note: This linter can be disabled with `set_option linter.unusedSimpArgs false`
⚠ [3457/3485] Replayed Complexity.CookLevinProofs.VerifierCircuit
warning: Complexity/CookLevinProofs/VerifierCircuit.lean:39:33: Variable name `i` is not explicitly referenced.

Hint: The binding can be removed (if unused) or named `_` (if used implicitly). Alternatively, prefix the name with `_` to silence this warning:
  [apply] _i

Note: This linter can be disabled with `set_option linter.unusedVariables false`
warning: Complexity/CookLevinProofs/VerifierCircuit.lean:43:32: Variable name `i` is not explicitly referenced.

Hint: The binding can be removed (if unused) or named `_` (if used implicitly). Alternatively, prefix the name with `_` to silence this warning:
  [apply] _i

Note: This linter can be disabled with `set_option linter.unusedVariables false`
warning: Complexity/CookLevinProofs/VerifierCircuit.lean:47:37: Variable name `i` is not explicitly referenced.

Hint: The binding can be removed (if unused) or named `_` (if used implicitly). Alternatively, prefix the name with `_` to silence this warning:
  [apply] _i

Note: This linter can be disabled with `set_option linter.unusedVariables false`
warning: Complexity/CookLevinProofs/VerifierCircuit.lean:51:36: Variable name `i` is not explicitly referenced.

Hint: The binding can be removed (if unused) or named `_` (if used implicitly). Alternatively, prefix the name with `_` to silence this warning:
  [apply] _i

Note: This linter can be disabled with `set_option linter.unusedVariables false`
⚠ [3458/3485] Replayed Complexity.CookLevinProofs.CircuitSizeBounds
warning: Complexity/CookLevinProofs/CircuitSizeBounds.lean:17:92: Used `tac1 <;> tac2` where `(tac1; tac2)` would suffice

Note: This linter can be disabled with `set_option linter.unnecessarySeqFocus false`
warning: Complexity/CookLevinProofs/CircuitSizeBounds.lean:30:42: Used `tac1 <;> tac2` where `(tac1; tac2)` would suffice

Note: This linter can be disabled with `set_option linter.unnecessarySeqFocus false`
warning: Complexity/CookLevinProofs/CircuitSizeBounds.lean:36:85: Used `tac1 <;> tac2` where `(tac1; tac2)` would suffice

Note: This linter can be disabled with `set_option linter.unnecessarySeqFocus false`
⚠ [3460/3485] Replayed Complexity.CookLevinProofs.OutputMachine
warning: Complexity/CookLevinProofs/OutputMachine.lean:22:6: Local variable 'output' resembles constructor 'Complexity.CookLevinProofs.Streaming.Key.output' - write '.output' (with a dot) or 'Complexity.CookLevinProofs.Streaming.Key.output' to use the constructor.

Note: This linter can be disabled with `set_option linter.constructorNameAsVariable false`
⚠ [3466/3485] Replayed Complexity.Games.DepthFirst
warning: Complexity/Games/DepthFirst.lean:100:51: Unused tactic linter: `omega` does nothing

Note: This linter can be disabled with `set_option linter.unusedTactic false`
warning: Complexity/Games/DepthFirst.lean:112:53: Unused tactic linter: `omega` does nothing

Note: This linter can be disabled with `set_option linter.unusedTactic false`
warning: Complexity/Games/DepthFirst.lean:112:101: Unused tactic linter: `omega` does nothing

Note: This linter can be disabled with `set_option linter.unusedTactic false`
warning: Complexity/Games/DepthFirst.lean:124:53: Unused tactic linter: `omega` does nothing

Note: This linter can be disabled with `set_option linter.unusedTactic false`
warning: Complexity/Games/DepthFirst.lean:124:101: Unused tactic linter: `omega` does nothing

Note: This linter can be disabled with `set_option linter.unusedTactic false`
warning: Complexity/Games/DepthFirst.lean:146:55: Unused tactic linter: `omega` does nothing

Note: This linter can be disabled with `set_option linter.unusedTactic false`
warning: Complexity/Games/DepthFirst.lean:153:55: Unused tactic linter: `omega` does nothing

Note: This linter can be disabled with `set_option linter.unusedTactic false`
warning: Complexity/Games/DepthFirst.lean:153:103: Unused tactic linter: `omega` does nothing

Note: This linter can be disabled with `set_option linter.unusedTactic false`
warning: Complexity/Games/DepthFirst.lean:100:51: this tactic is never executed

Note: This linter can be disabled with `set_option linter.unreachableTactic false`
warning: Complexity/Games/DepthFirst.lean:112:53: this tactic is never executed

Note: This linter can be disabled with `set_option linter.unreachableTactic false`
warning: Complexity/Games/DepthFirst.lean:112:101: this tactic is never executed

Note: This linter can be disabled with `set_option linter.unreachableTactic false`
warning: Complexity/Games/DepthFirst.lean:124:53: this tactic is never executed

Note: This linter can be disabled with `set_option linter.unreachableTactic false`
warning: Complexity/Games/DepthFirst.lean:124:101: this tactic is never executed

Note: This linter can be disabled with `set_option linter.unreachableTactic false`
warning: Complexity/Games/DepthFirst.lean:146:55: this tactic is never executed

Note: This linter can be disabled with `set_option linter.unreachableTactic false`
warning: Complexity/Games/DepthFirst.lean:153:55: this tactic is never executed

Note: This linter can be disabled with `set_option linter.unreachableTactic false`
warning: Complexity/Games/DepthFirst.lean:153:103: this tactic is never executed

Note: This linter can be disabled with `set_option linter.unreachableTactic false`
warning: Complexity/Games/DepthFirst.lean:100:95: Used `tac1 <;> tac2` where `(tac1; tac2)` would suffice

Note: This linter can be disabled with `set_option linter.unnecessarySeqFocus false`
warning: Complexity/Games/DepthFirst.lean:146:99: Used `tac1 <;> tac2` where `(tac1; tac2)` would suffice

Note: This linter can be disabled with `set_option linter.unnecessarySeqFocus false`
⚠ [3467/3485] Replayed Complexity.Games.StateWords
warning: Complexity/Games/StateWords.lean:67:44: This simp argument is unused:
  List.takeWhile_cons

Hint: Omit it from the simp argument list.
  [apply] simp [List.replicate_succ, ih]

Note: This linter can be disabled with `set_option linter.unusedSimpArgs false`
warning: Complexity/Games/StateWords.lean:67:65: This simp argument is unused:
  ih

Hint: Omit it from the simp argument list.
  [apply] simp [List.replicate_succ, List.takeWhile_cons]

Note: This linter can be disabled with `set_option linter.unusedSimpArgs false`
⚠ [3468/3485] Replayed Complexity.Games.StepCode
warning: Complexity/Games/StepCode.lean:33:64: This simp argument is unused:
  List.append_assoc

Hint: Omit it from the simp argument list.
  [apply] simp only [frameCode, eval_append, Number.correct, Code.eval, List.cons_append, List.nil_append]

Note: This linter can be disabled with `set_option linter.unusedSimpArgs false`
warning: Complexity/Games/StepCode.lean:56:43: This simp argument is unused:
  eval_append

Hint: Omit it from the simp argument list.
  [apply] simp only [nextBodyCode, Code.eval_when, frameCode_eval, dropCode_eval, Test.input, Test.or, Test.eq_value,
    Number.constant, Number.sub, Number.length, Code.eval, nextBody, rawFrame, bit, List.length_drop, Bool.or_eq_true,
    decide_eq_true_eq, List.append_assoc, List.cons_append, List.nil_append]

Note: This linter can be disabled with `set_option linter.unusedSimpArgs false`
warning: Complexity/Games/StepCode.lean:89:4: This simp argument is unused:
  List.length_replicate

Hint: Omit it from the simp argument list.
  [apply] simp only [nextCode, eval_bind, Number.correct, dropCode_eval, leadingOnes_value, takeCode_eval,
    Game.succCode_rename_eval, nextBodyCode_eval, extend, Option.elim_none, Option.elim_some, Bool.false_eq_true,
    ↓reduceIte]

Note: This linter can be disabled with `set_option linter.unusedSimpArgs false`
warning: Complexity/Games/StepCode.lean:111:81: This simp argument is unused:
  eval_append

Hint: Omit it from the simp argument list.
  [apply] simp only [initialCode, eval_bind, Game.startCode_rename_eval, Code.eval_when, frameCode_eval, dropCode_eval,
    Test.eq_value, Number.length, Number.constant, Number.add, Number.sub, Number.polynomial_value, Code.eval, extend,
    Option.elim_none, Option.elim_some, Bool.false_eq_true, ↓reduceIte, List.length_replicate]

Note: This linter can be disabled with `set_option linter.unusedSimpArgs false`
warning: Complexity/Games/StepCode.lean:114:36: This simp argument is unused:
  List.length_replicate

Hint: Omit it from the simp argument list.
  [apply] simp only [initialCode, eval_bind, Game.startCode_rename_eval, Code.eval_when, eval_append, frameCode_eval,
    dropCode_eval, Test.eq_value, Number.length, Number.constant, Number.add, Number.sub, Number.polynomial_value,
    Code.eval, extend, Option.elim_none, Option.elim_some, Bool.false_eq_true, ↓reduceIte]

Note: This linter can be disabled with `set_option linter.unusedSimpArgs false`
⚠ [3471/3485] Replayed Complexity.QBF.Encoding
warning: Complexity/QBF/Encoding.lean:140:31: This simp argument is unused:
  ih

Hint: Omit it from the simp argument list.
  [apply] simp [List.replicate_succ]

Note: This linter can be disabled with `set_option linter.unusedSimpArgs false`
warning: Complexity/QBF/Encoding.lean:329:44: This simp argument is unused:
  hna

Hint: Omit it from the simp argument list.
  [apply] simp only [nodeValid, hc, hnv, hnn, Bool.true_and, Bool.false_eq_true, ↓reduceIte, Bool.and_eq_true,
    decide_eq_true_eq]

Note: This linter can be disabled with `set_option linter.unusedSimpArgs false`
warning: Complexity/QBF/Encoding.lean:469:10: This simp argument is unused:
  decide_eq_true_eq

Hint: Omit it from the simp argument list.
  [apply] simp only [nodeValid, hvar, Bool.false_eq_true, ↓reduceIte, Bool.and_eq_true] at hv

Note: This linter can be disabled with `set_option linter.unusedSimpArgs false`
⚠ [3473/3485] Replayed Complexity.QBF.GameCode
warning: Complexity/QBF/GameCode.lean:144:65: This simp argument is unused:
  List.singleton_append

Hint: Omit it from the simp argument list.
  [apply] simp only [mkPosCode, Code.eval, Test.correct, Number.correct, List.cons_append, List.nil_append,
    List.append_assoc]

Note: This linter can be disabled with `set_option linter.unusedSimpArgs false`
warning: Complexity/QBF/GameCode.lean:145:39: This simp argument is unused:
  List.append_assoc

Hint: Omit it from the simp argument list.
  [apply] simp only [mkPosCode, Code.eval, Test.correct, Number.correct, List.singleton_append, List.cons_append,
    List.nil_append]

Note: This linter can be disabled with `set_option linter.unusedSimpArgs false`
warning: Complexity/QBF/GameCode.lean:192:18: This simp argument is unused:
  List.length_replicate

Hint: Omit it from the simp argument list.
  [apply] simp only [succBody, Code.eval_when, Test.withValue_value, Test.same, Test.xorB, Test.le, Test.eqP, Test.lt,
    Test.input, Test.not, Test.and, isVarTest, isNotTest, isAndTest, fieldNumber_value, sizeAtNumber_value,
    leftChildNumber, rightChildNumber, Number.withValue_value, Number.length, Number.constant, Number.add, Number.sub,
    someCode_eval, mkPosCode_eval, Code.eval, Test.correct]

Note: This linter can be disabled with `set_option linter.unusedSimpArgs false`
warning: Complexity/QBF/GameCode.lean:195:37: This simp argument is unused:
  List.length_replicate

Hint: Omit it from the simp argument list.
  [apply] simp only [optionWord, mkPos, bit, List.length_append, List.length_singleton, hk, Bool.not_eq_true']

Note: This linter can be disabled with `set_option linter.unusedSimpArgs false`
warning: Complexity/QBF/GameCode.lean:224:15: This simp argument is unused:
  Number.length

Hint: Omit it from the simp argument list.
  [apply] simp only [extend, Option.elim_none, Option.elim_some, List.length_replicate, moveEnv]

Note: This linter can be disabled with `set_option linter.unusedSimpArgs false`
warning: Complexity/QBF/GameCode.lean:226:15: This simp argument is unused:
  Number.length

Hint: Omit it from the simp argument list.
  [apply] simp only [extend, Option.elim_none, Option.elim_some, List.length_replicate, List.length_map,
    List.length_range]

Note: This linter can be disabled with `set_option linter.unusedSimpArgs false`
⚠ [3474/3485] Replayed Complexity.QBF.TQBFGame
warning: Complexity/QBF/TQBFGame.lean:44:15: This simp argument is unused:
  Game.Bounded

Hint: Omit it from the simp argument list.
  [apply] simp only [eval_add, eval_mul, eval_C, eval_X] at hp ⊢

Note: This linter can be disabled with `set_option linter.unusedSimpArgs false`
warning: Complexity/QBF/TQBFGame.lean:74:25: Variable name `κ` is not explicitly referenced.

Hint: The binding can be removed (if unused) or named `_` (if used implicitly). Alternatively, prefix the name with `_` to silence this warning:
  [apply] _κ

Note: This linter can be disabled with `set_option linter.unusedVariables false`
warning: Complexity/QBF/TQBFGame.lean:335:62: Used `tac1 <;> tac2` where `(tac1; tac2)` would suffice

Note: This linter can be disabled with `set_option linter.unnecessarySeqFocus false`
⚠ [3475/3485] Replayed Complexity.QBF.Reduction
warning: Complexity/QBF/Reduction.lean:141:42: This simp argument is unused:
  Nat.mul_add_mod

Hint: Omit it from the simp argument list.
  [apply] simp [ρOf, Nat.mul_add_div, hi]

Note: This linter can be disabled with `set_option linter.unusedSimpArgs false`
warning: Complexity/QBF/Reduction.lean:209:32: This simp argument is unused:
  Nat.mul_add_mod

Hint: Omit it from the simp argument list.
  [apply] simp [ρOf, Nat.mul_add_div, hk]

Note: This linter can be disabled with `set_option linter.unusedSimpArgs false`
warning: Complexity/QBF/Reduction.lean:213:17: This simp argument is unused:
  Nat.mul_div_cancel_left

Hint: Omit it from the simp argument list.
  [apply] simp [ρOf, hk, Nat.mul_mod_right]

Note: This linter can be disabled with `set_option linter.unusedSimpArgs false`
warning: Complexity/QBF/Reduction.lean:237:29: This simp argument is unused:
  List.drop_length

Hint: Omit it from the simp argument list.
  [apply] simp only [Nat.sub_zero, List.length_finRange, prefixOf_length, SignedCNF.TruthFrom, Holds]

Note: This linter can be disabled with `set_option linter.unusedSimpArgs false`
warning: Complexity/QBF/Reduction.lean:237:47: This simp argument is unused:
  List.length_finRange

Hint: Omit it from the simp argument list.
  [apply] simp only [Nat.sub_zero, List.drop_length, prefixOf_length, SignedCNF.TruthFrom, Holds]

Note: This linter can be disabled with `set_option linter.unusedSimpArgs false`
warning: Complexity/QBF/Reduction.lean:237:69: This simp argument is unused:
  prefixOf_length

Hint: Omit it from the simp argument list.
  [apply] simp only [Nat.sub_zero, List.drop_length, List.length_finRange, SignedCNF.TruthFrom, Holds]

Note: This linter can be disabled with `set_option linter.unusedSimpArgs false`
warning: Complexity/QBF/Reduction.lean:238:6: This simp argument is unused:
  SignedCNF.TruthFrom

Hint: Omit it from the simp argument list.
  [apply] simp only [Nat.sub_zero, List.drop_length, List.length_finRange, prefixOf_length, Holds]

Note: This linter can be disabled with `set_option linter.unusedSimpArgs false`
warning: Complexity/QBF/Reduction.lean:238:27: This simp argument is unused:
  Holds

Hint: Omit it from the simp argument list.
  [apply] simp only [Nat.sub_zero, List.drop_length, List.length_finRange, prefixOf_length, SignedCNF.TruthFrom]

Note: This linter can be disabled with `set_option linter.unusedSimpArgs false`
warning: Complexity/QBF/Reduction.lean:263:15: This simp argument is unused:
  Fin.val_mk

Hint: Omit it from the simp argument list.
  [apply] simp only

Note: This linter can be disabled with `set_option linter.unusedSimpArgs false`
⚠ [3476/3485] Replayed Complexity.QBF.ReductionCode
warning: Complexity/QBF/ReductionCode.lean:103:76: This simp argument is unused:
  Function.comp_apply

Hint: Omit it from the simp argument list.
  [apply] simp only [clauseCode, eval_append, slotCode_eval, Code.eval_loop, recordCode_eval, Test.input, Test.constant,
    Number.rename, Number.mul, Number.add, Number.constant, Number.length, extend, Option.elim_none, Option.elim_some,
    List.length_replicate, extend_some, clauseRecords, bit]

Note: This linter can be disabled with `set_option linter.unusedSimpArgs false`
warning: Complexity/QBF/ReductionCode.lean:124:76: This simp argument is unused:
  Function.comp_apply

Hint: Omit it from the simp argument list.
  [apply] simp only [matrixCode, eval_append, slotCode_eval, Code.eval_loop, clauseCode_eval, recordCode_eval,
    Test.constant, Number.rename, Number.mul, Number.add, Number.constant, Number.length, extend, Option.elim_none,
    Option.elim_some, List.length_replicate, extend_some, matrixRecords]

Note: This linter can be disabled with `set_option linter.unusedSimpArgs false`
warning: Complexity/QBF/ReductionCode.lean:160:4: This simp argument is unused:
  List.singleton_append

Hint: Omit it from the simp argument list.
  [apply] simp only [outCode, eval_append, Number.correct, prefixCode_eval, matrixCode_eval, Code.eval,
    List.cons_append, List.nil_append, List.append_assoc]

Note: This linter can be disabled with `set_option linter.unusedSimpArgs false`
warning: Complexity/QBF/ReductionCode.lean:160:62: This simp argument is unused:
  List.append_assoc

Hint: Omit it from the simp argument list.
  [apply] simp only [outCode, eval_append, Number.correct, prefixCode_eval, matrixCode_eval, Code.eval,
    List.singleton_append, List.cons_append, List.nil_append]

Note: This linter can be disabled with `set_option linter.unusedSimpArgs false`
warning: Complexity/QBF/ReductionCode.lean:312:24: This simp argument is unused:
  Holds

Hint: Omit it from the simp argument list.
  [apply] simp [Expr.eval]

Note: This linter can be disabled with `set_option linter.unusedSimpArgs false`
warning: Complexity/QBF/ReductionCode.lean:321:8: This simp argument is unused:
  Holds

Hint: Omit it from the simp argument list.
  [apply] simp [Expr.eval] at this

Note: This linter can be disabled with `set_option linter.unusedSimpArgs false`
warning: Complexity/QBF/ReductionCode.lean:362:21: This simp argument is unused:
  decide_eq_true_eq

Hint: Omit it from the simp argument list.
  [apply] simp only [↓reduceIte, Code.eval_when, Test.eqP, Test.withValue_value, Number.div, Number.length,
    Number.constant, outCode_eval, Code.eval]

Note: This linter can be disabled with `set_option linter.unusedSimpArgs false`
⚠ [3481/3485] Replayed Complexity.CookLevinProofs.CookLevin
warning: Complexity/CookLevinProofs/CookLevin.lean:56:6: The namespace `CookLevin` is duplicated in the declaration `Complexity.CookLevin.CookLevin.np_complete`.

Note: This linter can be disabled with `set_option linter.dupNamespace false`
✔ [3483/3485] Built Complexity (5.8s)
⚠ [3484/3485] Built Complexity.StatementCheck (4.6s)
warning: Complexity/StatementCheck.lean:103:28: Variable name `hV` is not explicitly referenced.

Hint: The binding can be removed (if unused) or named `_` (if used implicitly). Alternatively, prefix the name with `_` to silence this warning:
  [apply] _hV

Note: This linter can be disabled with `set_option linter.unusedVariables false`
warning: Complexity/StatementCheck.lean:176:81: Variable name `h` is not explicitly referenced.

Hint: The binding can be removed (if unused) or named `_` (if used implicitly). Alternatively, prefix the name with `_` to silence this warning:
  [apply] _h

Note: This linter can be disabled with `set_option linter.unusedVariables false`
warning: Complexity/StatementCheck.lean:193:83: Variable name `h` is not explicitly referenced.

Hint: The binding can be removed (if unused) or named `_` (if used implicitly). Alternatively, prefix the name with `_` to silence this warning:
  [apply] _h

Note: This linter can be disabled with `set_option linter.unusedVariables false`
warning: Complexity/StatementCheck.lean:200:85: Variable name `hu` is not explicitly referenced.

Hint: The binding can be removed (if unused) or named `_` (if used implicitly). Alternatively, prefix the name with `_` to silence this warning:
  [apply] _hu

Note: This linter can be disabled with `set_option linter.unusedVariables false`
warning: Complexity/StatementCheck.lean:200:98: Variable name `hv` is not explicitly referenced.

Hint: The binding can be removed (if unused) or named `_` (if used implicitly). Alternatively, prefix the name with `_` to silence this warning:
  [apply] _hv

Note: This linter can be disabled with `set_option linter.unusedVariables false`
warning: Complexity/StatementCheck.lean:200:111: Variable name `he` is not explicitly referenced.

Hint: The binding can be removed (if unused) or named `_` (if used implicitly). Alternatively, prefix the name with `_` to silence this warning:
  [apply] _he

Note: This linter can be disabled with `set_option linter.unusedVariables false`
warning: Complexity/StatementCheck.lean:214:77: Variable name `hd` is not explicitly referenced.

Hint: The binding can be removed (if unused) or named `_` (if used implicitly). Alternatively, prefix the name with `_` to silence this warning:
  [apply] _hd

Note: This linter can be disabled with `set_option linter.unusedVariables false`
warning: Complexity/StatementCheck.lean:214:97: Variable name `hn` is not explicitly referenced.

Hint: The binding can be removed (if unused) or named `_` (if used implicitly). Alternatively, prefix the name with `_` to silence this warning:
  [apply] _hn

Note: This linter can be disabled with `set_option linter.unusedVariables false`
warning: Complexity/StatementCheck.lean:221:56: Variable name `hd` is not explicitly referenced.

Hint: The binding can be removed (if unused) or named `_` (if used implicitly). Alternatively, prefix the name with `_` to silence this warning:
  [apply] _hd

Note: This linter can be disabled with `set_option linter.unusedVariables false`
warning: Complexity/StatementCheck.lean:233:27: Variable name `hm` is not explicitly referenced.

Hint: The binding can be removed (if unused) or named `_` (if used implicitly). Alternatively, prefix the name with `_` to silence this warning:
  [apply] _hm

Note: This linter can be disabled with `set_option linter.unusedVariables false`
warning: Complexity/StatementCheck.lean:233:59: Variable name `h` is not explicitly referenced.

Hint: The binding can be removed (if unused) or named `_` (if used implicitly). Alternatively, prefix the name with `_` to silence this warning:
  [apply] _h

Note: This linter can be disabled with `set_option linter.unusedVariables false`
warning: Complexity/StatementCheck.lean:240:27: Variable name `hm` is not explicitly referenced.

Hint: The binding can be removed (if unused) or named `_` (if used implicitly). Alternatively, prefix the name with `_` to silence this warning:
  [apply] _hm

Note: This linter can be disabled with `set_option linter.unusedVariables false`
warning: Complexity/StatementCheck.lean:240:59: Variable name `h` is not explicitly referenced.

Hint: The binding can be removed (if unused) or named `_` (if used implicitly). Alternatively, prefix the name with `_` to silence this warning:
  [apply] _h

Note: This linter can be disabled with `set_option linter.unusedVariables false`
warning: Complexity/StatementCheck.lean:253:27: Variable name `hm` is not explicitly referenced.

Hint: The binding can be removed (if unused) or named `_` (if used implicitly). Alternatively, prefix the name with `_` to silence this warning:
  [apply] _hm

Note: This linter can be disabled with `set_option linter.unusedVariables false`
warning: Complexity/StatementCheck.lean:253:74: Variable name `hS` is not explicitly referenced.

Hint: The binding can be removed (if unused) or named `_` (if used implicitly). Alternatively, prefix the name with `_` to silence this warning:
  [apply] _hS

Note: This linter can be disabled with `set_option linter.unusedVariables false`
warning: Complexity/StatementCheck.lean:253:95: Variable name `hr` is not explicitly referenced.

Hint: The binding can be removed (if unused) or named `_` (if used implicitly). Alternatively, prefix the name with `_` to silence this warning:
  [apply] _hr

Note: This linter can be disabled with `set_option linter.unusedVariables false`
warning: Complexity/StatementCheck.lean:253:136: Variable name `hk` is not explicitly referenced.

Hint: The binding can be removed (if unused) or named `_` (if used implicitly). Alternatively, prefix the name with `_` to silence this warning:
  [apply] _hk

Note: This linter can be disabled with `set_option linter.unusedVariables false`
warning: Complexity/StatementCheck.lean:253:172: Variable name `hu` is not explicitly referenced.

Hint: The binding can be removed (if unused) or named `_` (if used implicitly). Alternatively, prefix the name with `_` to silence this warning:
  [apply] _hu

Note: This linter can be disabled with `set_option linter.unusedVariables false`
warning: Complexity/StatementCheck.lean:253:185: Variable name `hw` is not explicitly referenced.

Hint: The binding can be removed (if unused) or named `_` (if used implicitly). Alternatively, prefix the name with `_` to silence this warning:
  [apply] _hw

Note: This linter can be disabled with `set_option linter.unusedVariables false`
warning: Complexity/StatementCheck.lean:253:198: Variable name `he` is not explicitly referenced.

Hint: The binding can be removed (if unused) or named `_` (if used implicitly). Alternatively, prefix the name with `_` to silence this warning:
  [apply] _he

Note: This linter can be disabled with `set_option linter.unusedVariables false`
warning: Complexity/StatementCheck.lean:253:223: Variable name `hn` is not explicitly referenced.

Hint: The binding can be removed (if unused) or named `_` (if used implicitly). Alternatively, prefix the name with `_` to silence this warning:
  [apply] _hn

Note: This linter can be disabled with `set_option linter.unusedVariables false`
warning: Complexity/StatementCheck.lean:253:250: Variable name `hx` is not explicitly referenced.

Hint: The binding can be removed (if unused) or named `_` (if used implicitly). Alternatively, prefix the name with `_` to silence this warning:
  [apply] _hx

Note: This linter can be disabled with `set_option linter.unusedVariables false`
warning: Complexity/StatementCheck.lean:260:27: Variable name `hm` is not explicitly referenced.

Hint: The binding can be removed (if unused) or named `_` (if used implicitly). Alternatively, prefix the name with `_` to silence this warning:
  [apply] _hm

Note: This linter can be disabled with `set_option linter.unusedVariables false`
warning: Complexity/StatementCheck.lean:260:74: Variable name `hS` is not explicitly referenced.

Hint: The binding can be removed (if unused) or named `_` (if used implicitly). Alternatively, prefix the name with `_` to silence this warning:
  [apply] _hS

Note: This linter can be disabled with `set_option linter.unusedVariables false`
warning: Complexity/StatementCheck.lean:260:95: Variable name `hr` is not explicitly referenced.

Hint: The binding can be removed (if unused) or named `_` (if used implicitly). Alternatively, prefix the name with `_` to silence this warning:
  [apply] _hr

Note: This linter can be disabled with `set_option linter.unusedVariables false`
warning: Complexity/StatementCheck.lean:260:163: Variable name `hj` is not explicitly referenced.

Hint: The binding can be removed (if unused) or named `_` (if used implicitly). Alternatively, prefix the name with `_` to silence this warning:
  [apply] _hj

Note: This linter can be disabled with `set_option linter.unusedVariables false`
warning: Complexity/StatementCheck.lean:303:8: Variable name `w` is not explicitly referenced.

Hint: The binding can be removed (if unused) or named `_` (if used implicitly). Alternatively, prefix the name with `_` to silence this warning:
  [apply] _w

Note: This linter can be disabled with `set_option linter.unusedVariables false`
warning: Complexity/StatementCheck.lean:303:10: Variable name `p` is not explicitly referenced.

Hint: The binding can be removed (if unused) or named `_` (if used implicitly). Alternatively, prefix the name with `_` to silence this warning:
  [apply] _p

Note: This linter can be disabled with `set_option linter.unusedVariables false`
Build completed successfully (3485 jobs).
== 2. forbidden-token scan
forbidden-token scan: clean
== 3. axiom check
'Complexity.ArcKayles.Biclique.value_eq' depends on axioms: [propext, Classical.choice, Quot.sound]
'Complexity.ArcKayles.Completeness.membership' depends on axioms: [propext, Classical.choice, Quot.sound]
'Complexity.ArcKayles.Completeness.pspace_complete' depends on axioms: [propext, Classical.choice, Quot.sound]
'Complexity.ArcKayles.GrundyProperties.disjoint_union' depends on axioms: [propext, Classical.choice, Quot.sound]
'Complexity.ArcKayles.GrundyProperties.losing_iff_zero' depends on axioms: [propext, Classical.choice, Quot.sound]
'Complexity.ArcKayles.GrundyProperties.smaller_reachable' depends on axioms: [propext, Classical.choice, Quot.sound]
'Complexity.ArcKayles.GrundyProperties.value_not_reachable' depends on axioms: [propext, Classical.choice, Quot.sound]
'Complexity.ArcKayles.Passes.outcome_equivalent' depends on axioms: [propext, Classical.choice, Quot.sound]
'Complexity.ArcKayles.PositiveCNFHardness.hard' depends on axioms: [propext, Classical.choice, Quot.sound]
'Complexity.ArcKayles.Reduction.false_strategy' depends on axioms: [propext, Classical.choice, Quot.sound]
'Complexity.ArcKayles.Reduction.polynomial_reduction' depends on axioms: [propext, Classical.choice, Quot.sound]
'Complexity.ArcKayles.Reduction.true_strategy' depends on axioms: [propext, Classical.choice, Quot.sound]
'Complexity.ArcKayles.RegularPlay.deviation_loses' depends on axioms: [propext, Classical.choice, Quot.sound]
'Complexity.ArcKayles.RegularPlay.exceptional_parity' depends on axioms: [propext, Classical.choice, Quot.sound]
'Complexity.ArcKayles.Sizes.construction_size' depends on axioms: [propext, Quot.sound]
'Complexity.ArcKayles.Sizes.formula_length' depends on axioms: [propext, Classical.choice, Quot.sound]
'Complexity.ArcKayles.Sizes.graph_length' depends on axioms: [propext, Classical.choice, Quot.sound]
'Complexity.Classes.BasicProperties.L_subset_NL' depends on axioms: [propext, Classical.choice, Quot.sound]
'Complexity.Classes.BasicProperties.NL_subset_P' depends on axioms: [propext, Classical.choice, Quot.sound]
'Complexity.Classes.BasicProperties.NPSPACE_subset_EXPTIME' depends on axioms: [propext, Classical.choice, Quot.sound]
'Complexity.Classes.BasicProperties.NP_subset_PSPACE' depends on axioms: [propext, Classical.choice, Quot.sound]
'Complexity.Classes.BasicProperties.P_subset_NP' depends on axioms: [propext, Classical.choice, Quot.sound]
'Complexity.Classes.Certificates.pair_injective' depends on axioms: [propext]
'Complexity.Classes.Certificates.pair_length' depends on axioms: [propext, Quot.sound]
'Complexity.Classes.Certificates.unpair_pair' depends on axioms: [propext]
'Complexity.Classes.ComplementClosure.closed_under_complement' depends on axioms: [propext,
 Classical.choice,
 Quot.sound]
'Complexity.Classes.FiniteStackEquivalence.finiteStackP_eq_P' depends on axioms: [propext, Classical.choice, Quot.sound]
'Complexity.Classes.ModelEquivalence.singleTapeP_eq_P' depends on axioms: [propext, Classical.choice, Quot.sound]
'Complexity.Classes.PolynomialSpaceEquality.PSPACE_eq_NPSPACE' depends on axioms: [propext,
 Classical.choice,
 Quot.sound]
'Complexity.Classes.SingleTapeComplement.closed_under_complement' depends on axioms: [propext,
 Classical.choice,
 Quot.sound]
'Complexity.CookLevin.CircuitMachine.compile' depends on axioms: [propext, Classical.choice, Quot.sound]
'Complexity.CookLevin.CookLevin.np_complete' depends on axioms: [propext, Classical.choice, Quot.sound]
'Complexity.CookLevin.EncodingCorrect.roundtrip' depends on axioms: [propext, Classical.choice, Quot.sound]
'Complexity.CookLevin.FiniteWitness.bounded' depends on axioms: [propext, Classical.choice, Quot.sound]
'Complexity.CookLevin.GateCorrect.correct' depends on axioms: [propext, Classical.choice, Quot.sound]
'Complexity.CookLevin.SATEncoding.correct' depends on axioms: [propext, Classical.choice, Quot.sound]
'Complexity.CookLevin.SATHard.hardness' depends on axioms: [propext, Classical.choice, Quot.sound]
'Complexity.CookLevin.SATinNP.membership' depends on axioms: [propext, Classical.choice, Quot.sound]
'Complexity.CookLevin.TseitinCorrect.correct' depends on axioms: [propext, Classical.choice, Quot.sound]
'Complexity.CookLevin.VerifierCorrect.correct' depends on axioms: [propext, Classical.choice, Quot.sound]
'Complexity.CookLevin.VerifierTime.polynomial' depends on axioms: [propext, Classical.choice, Quot.sound]
'Complexity.Savitch.NPSPACE_subset_PSPACE' depends on axioms: [propext, Classical.choice, Quot.sound]
'Complexity.Savitch.PSPACE_subset_NPSPACE' depends on axioms: [propext, Classical.choice, Quot.sound]
'Complexity.Savitch.PSPACE_eq_NPSPACE' depends on axioms: [propext, Classical.choice, Quot.sound]
'Complexity.Games.Game.language_mem_PSPACE' depends on axioms: [propext, Classical.choice, Quot.sound]
'Complexity.Games.Game.winning_iff' depends on axioms: [propext, Classical.choice, Quot.sound]
'Complexity.QBF.decode_encode' depends on axioms: [propext, Classical.choice, Quot.sound]
'Complexity.QBF.decode_closed' depends on axioms: [propext, Classical.choice, Quot.sound]
'Complexity.QBF.TQBFGame.language_eq' depends on axioms: [propext, Classical.choice, Quot.sound]
'Complexity.QBF.Reduction.translate_true' depends on axioms: [propext, Classical.choice, Quot.sound]
'Complexity.QBF.ReductionCode.reduction_polynomial' depends on axioms: [propext, Classical.choice, Quot.sound]
'Complexity.QBF.TQBF_mem_PSPACE' depends on axioms: [propext, Classical.choice, Quot.sound]
'Complexity.QBF.TQBF_hard' depends on axioms: [propext, Classical.choice, Quot.sound]
'Complexity.QBF.TQBF_complete' depends on axioms: [propext, Classical.choice, Quot.sound]
Complexity.ArcKayles.Biclique.value_eq depends on axioms: [propext, Classical.choice, Quot.sound]
Complexity.ArcKayles.Completeness.membership depends on axioms: [propext, Classical.choice, Quot.sound]
Complexity.ArcKayles.Completeness.pspace_complete depends on axioms: [propext, Classical.choice, Quot.sound]
Complexity.ArcKayles.GrundyProperties.disjoint_union depends on axioms: [propext, Classical.choice, Quot.sound]
Complexity.ArcKayles.GrundyProperties.losing_iff_zero depends on axioms: [propext, Classical.choice, Quot.sound]
Complexity.ArcKayles.GrundyProperties.smaller_reachable depends on axioms: [propext, Classical.choice, Quot.sound]
Complexity.ArcKayles.GrundyProperties.value_not_reachable depends on axioms: [propext, Classical.choice, Quot.sound]
Complexity.ArcKayles.Passes.outcome_equivalent depends on axioms: [propext, Classical.choice, Quot.sound]
Complexity.ArcKayles.PositiveCNFHardness.hard depends on axioms: [propext, Classical.choice, Quot.sound]
Complexity.ArcKayles.Reduction.false_strategy depends on axioms: [propext, Classical.choice, Quot.sound]
Complexity.ArcKayles.Reduction.polynomial_reduction depends on axioms: [propext, Classical.choice, Quot.sound]
Complexity.ArcKayles.Reduction.true_strategy depends on axioms: [propext, Classical.choice, Quot.sound]
Complexity.ArcKayles.RegularPlay.deviation_loses depends on axioms: [propext, Classical.choice, Quot.sound]
Complexity.ArcKayles.RegularPlay.exceptional_parity depends on axioms: [propext, Classical.choice, Quot.sound]
Complexity.ArcKayles.Sizes.construction_size depends on axioms: [propext, Quot.sound]
Complexity.ArcKayles.Sizes.formula_length depends on axioms: [propext, Classical.choice, Quot.sound]
Complexity.ArcKayles.Sizes.graph_length depends on axioms: [propext, Classical.choice, Quot.sound]
Complexity.Classes.BasicProperties.L_subset_NL depends on axioms: [propext, Classical.choice, Quot.sound]
Complexity.Classes.BasicProperties.NL_subset_P depends on axioms: [propext, Classical.choice, Quot.sound]
Complexity.Classes.BasicProperties.NPSPACE_subset_EXPTIME depends on axioms: [propext, Classical.choice, Quot.sound]
Complexity.Classes.BasicProperties.NP_subset_PSPACE depends on axioms: [propext, Classical.choice, Quot.sound]
Complexity.Classes.BasicProperties.P_subset_NP depends on axioms: [propext, Classical.choice, Quot.sound]
Complexity.Classes.Certificates.pair_injective depends on axioms: [propext]
Complexity.Classes.Certificates.pair_length depends on axioms: [propext, Quot.sound]
Complexity.Classes.Certificates.unpair_pair depends on axioms: [propext]
Complexity.Classes.ComplementClosure.closed_under_complement depends on axioms: [propext, Classical.choice, Quot.sound]
Complexity.Classes.FiniteStackEquivalence.finiteStackP_eq_P depends on axioms: [propext, Classical.choice, Quot.sound]
Complexity.Classes.ModelEquivalence.singleTapeP_eq_P depends on axioms: [propext, Classical.choice, Quot.sound]
Complexity.Classes.PolynomialSpaceEquality.PSPACE_eq_NPSPACE depends on axioms: [propext, Classical.choice, Quot.sound]
Complexity.Classes.SingleTapeComplement.closed_under_complement depends on axioms: [propext,
 Classical.choice,
 Quot.sound]
Complexity.CookLevin.CircuitMachine.compile depends on axioms: [propext, Classical.choice, Quot.sound]
Complexity.CookLevin.CookLevin.np_complete depends on axioms: [propext, Classical.choice, Quot.sound]
Complexity.CookLevin.EncodingCorrect.roundtrip depends on axioms: [propext, Classical.choice, Quot.sound]
Complexity.CookLevin.FiniteWitness.bounded depends on axioms: [propext, Classical.choice, Quot.sound]
Complexity.CookLevin.GateCorrect.correct depends on axioms: [propext, Classical.choice, Quot.sound]
Complexity.CookLevin.SATEncoding.correct depends on axioms: [propext, Classical.choice, Quot.sound]
Complexity.CookLevin.SATHard.hardness depends on axioms: [propext, Classical.choice, Quot.sound]
Complexity.CookLevin.SATinNP.membership depends on axioms: [propext, Classical.choice, Quot.sound]
Complexity.CookLevin.TseitinCorrect.correct depends on axioms: [propext, Classical.choice, Quot.sound]
Complexity.CookLevin.VerifierCorrect.correct depends on axioms: [propext, Classical.choice, Quot.sound]
Complexity.CookLevin.VerifierTime.polynomial depends on axioms: [propext, Classical.choice, Quot.sound]
Complexity.Savitch.NPSPACE_subset_PSPACE depends on axioms: [propext, Classical.choice, Quot.sound]
Complexity.Savitch.PSPACE_subset_NPSPACE depends on axioms: [propext, Classical.choice, Quot.sound]
Complexity.Savitch.PSPACE_eq_NPSPACE depends on axioms: [propext, Classical.choice, Quot.sound]
Complexity.Games.Game.language_mem_PSPACE depends on axioms: [propext, Classical.choice, Quot.sound]
Complexity.Games.Game.winning_iff depends on axioms: [propext, Classical.choice, Quot.sound]
Complexity.QBF.decode_encode depends on axioms: [propext, Classical.choice, Quot.sound]
Complexity.QBF.decode_closed depends on axioms: [propext, Classical.choice, Quot.sound]
Complexity.QBF.TQBFGame.language_eq depends on axioms: [propext, Classical.choice, Quot.sound]
Complexity.QBF.Reduction.translate_true depends on axioms: [propext, Classical.choice, Quot.sound]
Complexity.QBF.ReductionCode.reduction_polynomial depends on axioms: [propext, Classical.choice, Quot.sound]
Complexity.QBF.TQBF_mem_PSPACE depends on axioms: [propext, Classical.choice, Quot.sound]
Complexity.QBF.TQBF_hard depends on axioms: [propext, Classical.choice, Quot.sound]
Complexity.QBF.TQBF_complete depends on axioms: [propext, Classical.choice, Quot.sound]
54 statements checked: only propext, Classical.choice, Quot.sound are used.
== all checks passed
EXIT 0
